"date";"open";"high";"low";"close";"Volume.BTC";"Volume.USDT";"tradecount";"X";"movement";"relevant_tweet_posted";"tweet_posted";"movement_absolute_value_bitcoin";"movement_absolute_in_percent";"movement_in_percent"
"movement";"2022-02-07";42380.87;42500;41934.73;42068.68;1192.77128;50322429.17867;"30502";"";-312.190000000002;0;0;312.190000000002;0.131124336902058;-0.131124336902058
"movement.1";"2022-02-06";41382.6;42656;41116.56;42380.87;22405.16704;934168802.880115;"788291";"";998.270000000004;0;0;998.270000000004;0.722023723419647;0.722023723419647
"movement.2";"2022-02-05";41571.7;41913.69;40843.01;41382.59;32532.34372;1349805515.93004;"1006352";"";-189.110000000001;0;0;189.110000000001;0.120321944391424;-0.120321944391424
"movement.3";"2022-02-04";37311.98;41772.33;37026.73;41574.25;64703.95874;2526572562.05829;"1380724";"";4262.27;0;0;4262.27;0.582915981717674;0.582915981717674
"movement.4";"2022-02-03";36896.37;37387;36250;37311.61;32081.10999;1179502838.65663;"848961";"";415.239999999998;0;0;415.239999999998;0.0602113865700358;0.0602113865700358
"movement.5";"2022-02-02";38694.59;38855.92;36586.95;36896.36;35794.6813;1353093948.9776;"907905";"";-1798.23;0;0;1798.23;0.206821713272276;-0.206821713272276
"movement.6";"2022-02-01";38466.9;39265.2;38000;38694.59;34574.44663;1334266166.71;"917617";"";227.689999999995;0;0;227.689999999995;0.0268917785730309;0.0268917785730309
"movement.7";"2022-01-31";37881.75;38744;36632.61;38466.9;36855.2458;1386754529.02954;"936014";"";585.150000000001;0;0;585.150000000001;0.0742411266533449;0.0742411266533449
"movement.8";"2022-01-30";38166.83;38359.26;37351.63;37881.76;21430.66527;812750216.601032;"698593";"";-285.07;0;0;285.07;0.034905832495595;-0.034905832495595
"movement.9";"2022-01-29";37716.57;38720.74;37268.44;38166.84;26129.49682;989652386.996649;"816601";"";450.269999999997;0;0;450.269999999997;0.0583510549376208;0.0583510549376208
"movement.10";"2022-01-28";37160.11;38000;36155.01;37716.56;42154.26956;1560203931.22013;"1061101";"";556.449999999997;0;0;556.449999999997;0.0777152864969948;0.0777152864969948
"movement.11";"2022-01-27";36807.24;37234.47;35507.01;37160.1;53020.87934;1925920128.34366;"1308408";"";352.860000000001;0;0;352.860000000001;0.0518359863909603;0.0518359863909603
"movement.12";"2022-01-26";36958.32;38919.98;36234.63;36809.34;69830.16036;2627491976.69086;"1584468";"";-148.980000000003;0;0;148.980000000003;0.0214103404270001;-0.0214103404270001
"movement.13";"2022-01-25";36660.35;37545.14;35701;36958.32;49232.40183;1799224214.49974;"1248246";"";297.970000000001;0;0;297.970000000001;0.0447378891499698;0.0447378891499698
"movement.14";"2022-01-24";36244.55;37550;32917.17;36660.35;91904.753211;3192041586.10319;"1999352";"";415.799999999996;0;0;415.799999999996;0.0665860630469763;0.0665860630469763
"movement.15";"2022-01-23";35071.42;36499;34601.01;36244.55;44279.52354;1572414639.04288;"1142407";"";1173.13;0;0;1173.13;0.231321799417127;0.231321799417127
"movement.16";"2022-01-22";36445.31;36835.22;34008;35071.42;90471.338961;3207531048.03065;"2099978";"";-1373.89;0;0;1373.89;0.213161197832222;-0.213161197832222
"movement.17";"2022-01-21";40680.92;41100;35440.45;36445.31;88860.891999;3405501703.22194;"2092561";"";-4235.61;1;1;4235.61;6.22042236973507;-6.22042236973507
"movement.18";"2022-01-20";41660;43505;40553.31;40680.91;42330.33953;1784801200.40449;"1098761";"";-979.089999999997;0;1;979.089999999997;0.589813253012046;-0.589813253012046
"movement.19";"2022-01-19";42352.12;42559.13;41138.56;41660.01;31685.72159;1327478459.16023;"924528";"";-692.110000000001;1;1;692.110000000001;0.294249443055627;-0.294249443055627
"movement.20";"2022-01-18";42201.63;42691;41250;42352.12;29324.08257;1228459687.39945;"905061";"";150.490000000005;0;0;150.490000000005;0.068353901427581;0.068353901427581
"movement.21";"2022-01-17";43071.66;43176.18;41540.42;42201.62;27562.08613;1169381684.46684;"918029";"";-870.040000000001;0;1;870.040000000001;0.283247494839924;-0.283247494839924
"movement.22";"2022-01-16";43084.29;43475;42581.79;43071.66;20602.35271;887203134.053147;"732171";"";-12.6299999999974;0;1;12.6299999999974;0.00409494567631363;-0.00409494567631363
"movement.23";"2022-01-15";43059.96;43800;42555;43084.29;21936.05616;946488263.548448;"752688";"";24.3300000000017;0;1;24.3300000000017;0.00795108432790028;0.00795108432790028
"movement.24";"2022-01-14";42558.35;43448.78;41725.95;43059.96;32640.88292;1392000443.35017;"946938";"";501.610000000001;1;1;501.610000000001;0.196067778060078;0.196067778060078
"movement.25";"2022-01-13";43902.65;44500;42311.22;42560.11;34910.87762;1515944525.49549;"1036234";"";-1342.54;0;0;1342.54;0.344007277106582;-0.344007277106582
"movement.26";"2022-01-12";42729.29;44322;42450;43902.66;33943.2928;1470906437.71207;"1023902";"";1173.37;0;1;1173.37;0.429917670896095;0.429917670896095
"movement.27";"2022-01-11";41822.49;43100;41268.93;42729.29;37296.43729;1574803608.96008;"1015526";"";906.800000000003;0;1;906.800000000003;0.497561029141451;0.497561029141451
"movement.28";"2022-01-10";41864.62;42248.5;39650;41822.49;50729.17019;2088111339.5056;"1250983";"";-42.1300000000047;0;1;42.1300000000047;0.0225944160204249;-0.0225944160204249
"movement.29";"2022-01-09";41679.74;42786.7;41200.02;41864.62;22724.39426;952830064.512585;"752733";"";184.880000000005;0;1;184.880000000005;0.110064652862946;0.110064652862946
"movement.30";"2022-01-08";41566.48;42300;40501;41679.74;32952.73111;1367233494.82777;"1021908";"";113.259999999995;0;1;113.259999999995;0.0723022317552696;0.0723022317552696
"movement.31";"2022-01-07";43082.3;43145.83;40610;41566.48;54836.50818;2293851015.46524;"1406635";"";-1515.82;0;1;1515.82;0.491782110761444;-0.491782110761444
"movement.32";"2022-01-06";43451.14;43816;42430.58;43082.31;38880.37305;1674466154.43833;"1150707";"";-368.830000000002;0;1;368.830000000002;0.106871932173138;-0.106871932173138
"movement.33";"2022-01-05";45832.01;47070;42500;43451.13;51784.11857;2334288544.64545;"1478532";"";-2380.88;0;1;2380.88;0.408243470090073;-0.408243470090073
"movement.34";"2022-01-04";46446.1;47557.54;45500;45832.01;35491.4136;1649170424.12761;"1021815";"";-614.089999999997;0;1;614.089999999997;0.095265354245202;-0.095265354245202
"movement.35";"2022-01-03";47286.18;47570;45696;46446.1;27662.0771;1292203508.32565;"885624";"";-840.080000000002;0;1;840.080000000002;0.115297728027581;-0.115297728027581
"movement.36";"2022-01-02";47722.66;47990;46654;47286.18;18340.4604;866610995.563358;"709624";"";-436.480000000003;0;0;436.480000000003;0.0565193858074813;-0.0565193858074813
"movement.37";"2022-01-01";46216.93;47954.63;46208.37;47722.65;19604.46325;924155159.583487;"714899";"";1505.72;0;0;1505.72;0.242196711238505;0.242196711238505
"movement.38";"2021-12-31";47120.88;48548.26;45678;46216.93;34937.99796;1650715977.91852;"1059783";"";-903.949999999997;0;0;903.949999999997;0.126943580006965;-0.126943580006965
"movement.39";"2021-12-30";46464.66;47900;45900;47120.87;30352.29569;1428755720.4532;"910157";"";656.209999999999;0;1;656.209999999999;0.101507271844149;0.101507271844149
"movement.40";"2021-12-29";47543.74;48139.08;46096.99;46464.66;39498.87;1873785571.2733;"1114074";"";-1079.07999999999;0;1;1079.07999999999;0.143043105939493;-0.143043105939493
"movement.41";"2021-12-28";50701.44;50704.05;47313.01;47543.74;45853.33924;2242102220.931;"1345774";"";-3157.7;0;0;3157.7;4.50173927919709;-4.50173927919709
"movement.42";"2021-12-27";50775.48;52088;50449;50701.44;28779.58212;1471423612.09186;"1009238";"";-74.0400000000009;0;1;74.0400000000009;0.0954763501315326;-0.0954763501315326
"movement.43";"2021-12-26";50399.67;51280;49412;50775.49;22569.88914;1132200241.56242;"797133";"";375.82;0;1;375.82;0.940325768759226;0.940325768759226
"movement.44";"2021-12-25";50819.99;51156.23;50142.32;50399.66;19135.51613;971491029.130824;"766979";"";-420.329999999994;0;1;420.329999999994;0.512603812241606;-0.512603812241606
"movement.45";"2021-12-24";50838.82;51810;50384.43;50820;31661.94946;1616919305.70367;"1074410";"";-18.8199999999997;0;1;18.8199999999997;0.0224362795355377;-0.0224362795355377
"movement.46";"2021-12-23";48588.17;51375;47920.42;50838.81;35192.54046;1738129830.78145;"1176050";"";2250.64;0;1;2250.64;0.262062814313177;0.262062814313177
"movement.47";"2021-12-22";48887.59;49576.13;48421.87;48588.16;27004.2022;1322418595.33373;"949480";"";-299.429999999993;0;1;299.429999999993;0.0336907980678669;-0.0336907980678669
"movement.48";"2021-12-21";46914.17;49328.96;46630;48889.88;37713.92924;1827234149.05988;"1119412";"";1975.71;0;1;1975.71;0.28574796396386;0.28574796396386
"movement.49";"2021-12-20";46681.24;47537.57;45558.85;46914.16;35848.50609;1663363117.83045;"1076488";"";232.920000000006;0;1;232.920000000006;0.0348617921224212;0.0348617921224212
"movement.50";"2021-12-19";46834.47;48300.01;46406.91;46681.23;29305.70665;1384958598.36277;"874827";"";-153.239999999998;0;1;153.239999999998;0.0224216362058796;-0.0224216362058796
"movement.51";"2021-12-18";46133.83;47392.37;45500;46834.48;25020.05271;1165205135.70084;"862066";"";700.650000000001;0;1;700.650000000001;0.114227163126464;0.114227163126464
"movement.52";"2021-12-17";47632.38;47995.96;45456;46131.2;43104.4887;2015966349.51613;"1261780";"";-1501.18;0;1;1501.18;0.196685699611393;-0.196685699611393
"movement.53";"2021-12-16";48864.98;49436.43;47511;47632.38;31949.86739;1551200654.05275;"1023983";"";-1232.60000000001;0;1;1232.60000000001;0.139041486839226;-0.139041486839226
"movement.54";"2021-12-15";48336.95;49500;46547;48864.98;51629.181;2487012309.09155;"1438176";"";528.030000000006;0;0;528.030000000006;0.0633361121273375;0.0633361121273375
"movement.55";"2021-12-14";46702.76;48700.41;46290;48343.28;39955.98445;1887427362.4741;"1194992";"";1640.52;1;1;1640.52;0.244752907757401;0.244752907757401
"movement.56";"2021-12-13";50053.9;50189.97;45672.75;46702.75;50869.52093;2423888500.79031;"1399599";"";-3351.15;0;1;3351.15;62.1734693877551;-62.1734693877551
"movement.57";"2021-12-12";49389.99;50777;48638;50053.9;26017.93421;1292315883.62455;"863605";"";663.910000000003;0;1;663.910000000003;0.070704015659229;0.070704015659229
"movement.58";"2021-12-11";47140.54;49485.71;46751;49389.99;28889.19358;1397524635.5814;"957390";"";2249.45;0;1;2249.45;0.315025194172989;0.315025194172989
"movement.59";"2021-12-10";47535.9;50125;46852;47140.54;44233.57391;2135023722.85315;"1215231";"";-395.360000000001;0;1;395.360000000001;0.0524635411828714;-0.0524635411828714
"movement.60";"2021-12-09";50471.19;50797.76;47320;47545.59;37692.68665;1841474998.89511;"1130599";"";-2925.60000000001;0;1;2925.60000000001;6.20896029202658;-6.20896029202658
"movement.61";"2021-12-08";50588.95;51200;48600;50471.19;38425.92466;1925458787.11475;"1118225";"";-117.759999999995;0;0;117.759999999995;0.199949061889795;-0.199949061889795
"movement.62";"2021-12-07";50441.91;51936.33;50039.74;50588.95;38253.46877;1950573500.20867;"1212350";"";147.039999999994;0;1;147.039999999994;0.332737435224352;0.332737435224352
"movement.63";"2021-12-06";49396.32;50891.11;47100;50441.92;58571.21575;2851528919.17954;"1741956";"";1045.6;0;1;1045.6;0.111277606552352;0.111277606552352
"movement.64";"2021-12-05";49152.46;49699.05;47727.21;49396.33;45580.82012;2231486105.84391;"1371839";"";243.870000000003;0;1;243.870000000003;0.0266452953632141;0.0266452953632141
"movement.65";"2021-12-04";53601.05;53859.1;42000.3;49152.47;114203.373748;5495712061.97853;"3362771";"";-4448.58;0;1;4448.58;1.23535635439663;-1.23535635439663
"movement.66";"2021-12-03";56484.26;57600;51680;53601.05;58927.69027;3246198505.94685;"1865063";"";-2883.21;0;1;2883.21;0.444647500254462;-0.444647500254462
"movement.67";"2021-12-02";57184.07;57375.47;55777.77;56480.34;37574.05976;2127110102.10731;"1307890";"";-703.730000000003;0;1;703.730000000003;0.0979570076572198;-0.0979570076572198
"movement.68";"2021-12-01";56950.56;59053.55;56458.01;57184.07;44956.63656;2584928714.07574;"1442301";"";233.510000000002;0;1;233.510000000002;0.0335958541470043;0.0335958541470043
"movement.69";"2021-11-30";57776.25;59176.99;55875.55;56950.56;49161.05194;2823644073.0219;"1587472";"";-825.690000000002;0;1;825.690000000002;0.106180999839254;-0.106180999839254
"movement.70";"2021-11-29";57274.89;58865.97;56666.67;57776.25;40125.28009;2313371348.11354;"1349625";"";501.360000000001;0;0;501.360000000001;0.068916505954042;0.068916505954042
"movement.71";"2021-11-28";54716.47;57445.05;53256.64;57274.88;36163.7137;1982198373.53284;"1253408";"";2558.41;0;0;2558.41;0.542441698982501;0.542441698982501
"movement.72";"2021-11-27";53723.72;55280;53610;54721.03;29716.99957;1623173123.49173;"1110145";"";997.309999999998;0;0;997.309999999998;0.267826259761743;0.267826259761743
"movement.73";"2021-11-26";58960.37;59150;53500;53726.53;65927.87066;3649353860.42957;"2138184";"";-5233.84;0;1;5233.84;0.58410980796552;-0.58410980796552
"movement.74";"2021-11-25";57138.29;59398.9;57000;58960.36;42153.51522;2455658857.70059;"1604266";"";1822.07;0;1;1822.07;0.25525300877381;0.25525300877381
"movement.75";"2021-11-24";57541.26;57735;55837;57138.29;39612.04964;2246374244.33057;"1432991";"";-402.970000000001;0;1;402.970000000001;0.0534353675645716;-0.0534353675645716
"movement.76";"2021-11-23";56243.83;58009.99;55317;57541.27;49917.85017;2837210673.48852;"1570845";"";1297.44;0;0;1297.44;0.207795535752894;0.207795535752894
"movement.77";"2021-11-22";58617.7;59444;55610;56247.18;51724.32047;2968622334.13766;"1624768";"";-2370.52;0;1;2370.52;0.275075716258398;-0.275075716258398
"movement.78";"2021-11-21";59707.52;60029.76;58486.65;58622.02;31902.22785;1886578154.51671;"1249219";"";-1085.5;0;0;1085.5;0.111820526766878;-0.111820526766878
"movement.79";"2021-11-20";58057.1;59845;57353;59707.51;33811.5901;1982718831.15708;"1200190";"";1650.41;0;1;1650.41;0.204839210137643;0.204839210137643
"movement.80";"2021-11-19";56891.62;58320;55600;58052.24;50715.88726;2896189975.91077;"1560459";"";1160.62;0;1;1160.62;0.168410330227145;0.168410330227145
"movement.81";"2021-11-18";60344.86;60976;56474.26;56891.62;62146.99931;3644824179.14485;"1960419";"";-3453.24;0;1;3453.24;10.0134547352549;-10.0134547352549
"movement.82";"2021-11-17";60058.87;60840.23;58373;60344.87;46289.38491;2767802055.20042;"1471305";"";286;0;1;286;4.85816205197894;4.85816205197894
"movement.83";"2021-11-16";63606.73;63617.31;58574.07;60058.87;77455.15609;4705744041.29965;"2353681";"";-3547.86;0;0;3547.86;0.983677735788374;-0.983677735788374
"movement.84";"2021-11-15";65519.11;66401.82;63400;63606.74;37829.37124;2460915922.87613;"1305209";"";-1912.37;0;1;1912.37;0.346499707380357;-0.346499707380357
"movement.85";"2021-11-14";64380.01;65550.51;63576.27;65519.1;25705.07347;1658473781.29377;"951393";"";1139.09;0;1;1139.09;0.260065616288546;0.260065616288546
"movement.86";"2021-11-13";64122.22;65000;63360.22;64380;22504.97383;1442441613.59839;"904149";"";257.779999999999;0;1;257.779999999999;0.062534265517124;0.062534265517124
"movement.87";"2021-11-12";64774.25;65450.7;62278;64122.23;44490.10816;2844286547.50404;"1479149";"";-652.019999999997;0;1;652.019999999997;0.136570141907105;-0.136570141907105
"movement.88";"2021-11-11";64882.42;65600.07;64100;64774.26;37237.98058;2415537333.57771;"1327827";"";-108.159999999996;0;1;108.159999999996;0.022152948742631;-0.022152948742631
"movement.89";"2021-11-10";66947.67;69000;62822.9;64882.43;65171.504046;4335575752.80522;"2347934";"";-2065.24;0;1;2065.24;0.297256490305383;-0.297256490305383
"movement.90";"2021-11-09";67525.82;68524.25;66222.4;66947.66;44661.378068;3014326962.08727;"1847655";"";-578.160000000003;0;1;578.160000000003;0.0768235222208349;-0.0768235222208349
"movement.91";"2021-11-08";63273.58;67789;63273.58;67525.83;54442.094554;3575716171.0443;"2349581";"";4252.25;0;0;4252.25;1.29896015982502;1.29896015982502
"movement.92";"2021-11-07";61470.62;63286.35;61322.78;63273.59;25515.6883;1585744720.19977;"1068629";"";1802.96999999999;0;1;1802.96999999999;1.22599311854864;1.22599311854864
"movement.93";"2021-11-06";60940.18;61560.49;60050;61470.61;25590.57408;1556774943.55373;"965309";"";530.43;0;0;530.43;0.564179199727712;0.564179199727712
"movement.94";"2021-11-05";61395.01;62595.72;60721;60937.12;31604.48749;1943346371.47039;"1243074";"";-457.889999999999;0;0;457.889999999999;0.328234206206407;-0.328234206206407
"movement.95";"2021-11-04";62896.49;63086.31;60677.01;61395.01;35930.93314;2218138026.70454;"1346081";"";-1501.48;0;1;1501.48;0.518379141650755;-0.518379141650755
"movement.96";"2021-11-03";63220.57;63500;60382.76;62896.48;43336.09049;2713389500.46636;"1601925";"";-324.089999999997;0;1;324.089999999997;0.100631254715779;-0.100631254715779
"movement.97";"2021-11-02";60911.12;64270;60624.68;63219.99;46368.2841;2909221038.40065;"1858362";"";2308.87;0;1;2308.87;2.53410088682061;2.53410088682061
"movement.98";"2021-11-01";61299.81;62437.74;59405;60911.11;44687.66672;2737282804.73813;"1472636";"";-388.699999999997;1;1;388.699999999997;0.299043706387854;-0.299043706387854
"movement.99";"2021-10-31";61859.19;62405.3;59945.36;61299.8;39267.63794;2396556477.34349;"1563417";"";-559.389999999999;0;0;559.389999999999;0.300878339491929;-0.300878339491929
"movement.100";"2021-10-30";62253.7;62359.25;60673;61859.19;31478.12566;1937860260.43806;"1197748";"";-394.509999999995;0;1;394.509999999995;0.175049917912763;-0.175049917912763
"movement.101";"2021-10-29";60575.9;62980;60174.81;62253.71;43973.90414;2706090987.30963;"1417344";"";1677.81;0;1;1677.81;2.91337037680152;2.91337037680152
"movement.102";"2021-10-28";58413.44;62499;57820;60575.89;61056.35301;3677629851.05961;"1878275";"";2162.45;0;1;2162.45;0.257023286551042;0.257023286551042
"movement.103";"2021-10-27";60328.81;61496;58000;58413.44;62124.49016;3688306192.97242;"1913083";"";-1915.37;0;1;1915.37;5.82515738572426;-5.82515738572426
"movement.104";"2021-10-26";63078.78;63293.48;59817.55;60328.81;40217.50083;2492606133.31895;"1334460";"";-2749.97;0;1;2749.97;0.893201203073945;-0.893201203073945
"movement.105";"2021-10-25";60852.22;63710.63;60650;63078.78;36853.83806;2309339650.10938;"1270453";"";2226.56;0;1;2226.56;2.61265870315177;2.61265870315177
"movement.106";"2021-10-24";61286.75;61500;59510.63;60852.22;31226.57676;1889694558.95049;"1052085";"";-434.529999999999;0;1;434.529999999999;0.337695745094229;-0.337695745094229
"movement.107";"2021-10-23";60688.23;61747.64;59562.15;61286.75;27626.93678;1686121722.21878;"982103";"";598.519999999997;0;1;598.519999999997;0.869651134068548;0.869651134068548
"movement.108";"2021-10-22";62193.15;63732.39;60000;60688.22;52119.35886;3229377744.31143;"1555280";"";-1504.93;0;1;1504.93;0.686195654651985;-0.686195654651985
"movement.109";"2021-10-21";66001.4;66639.74;62000;62193.15;68538.64537;4407757970.87976;"2181665";"";-3808.24999999999;0;1;3808.24999999999;0.634560269270502;-0.634560269270502
"movement.110";"2021-10-20";64280.59;67000;63481.4;66001.41;51428.934856;3362878816.40459;"1823286";"";1720.82000000001;0;0;1720.82000000001;0.402005331040816;0.402005331040816
"movement.111";"2021-10-19";62005.6;64486;61322.22;64280.59;53628.107744;3370863940.26944;"1755708";"";2274.99;0;1;2274.99;1.13431890706023;1.13431890706023
"movement.112";"2021-10-18";61528.32;62695.78;59844.45;62009.84;51798.44844;3195091233.42055;"1629184";"";481.519999999997;0;1;481.519999999997;0.315064907872695;0.315064907872695
"movement.113";"2021-10-17";60875.57;61718.39;58963;61528.33;39099.24124;2371696294.79731;"1331655";"";652.760000000002;0;1;652.760000000002;0.745525771782955;0.745525771782955
"movement.114";"2021-10-16";61672.42;62378.42;60150;60875.57;35467.88096;2173374058.80891;"1360379";"";-796.849999999999;0;0;796.849999999999;0.476465241984668;-0.476465241984668
"movement.115";"2021-10-15";57347.94;62933;56850;61672.42;82512.908022;4959389368.72673;"2649137";"";4324.48;0;1;4324.48;0.588529574275239;0.588529574275239
"movement.116";"2021-10-14";57370.83;58532.54;56818.05;57347.94;43053.336781;2481915791.59124;"1372048";"";-22.8899999999994;0;1;22.8899999999994;0.0031054847283141;-0.0031054847283141
"movement.117";"2021-10-13";55996.91;57777;54167.19;57367;55808.44492;3123307687.4773;"1610489";"";1370.09;0;0;1370.09;0.228465993319893;0.228465993319893
"movement.118";"2021-10-12";57471.35;57680;53879;55996.93;53471.2855;3017210682.88595;"1554412";"";-1474.42;0;1;1474.42;0.197343184297349;-0.197343184297349
"movement.119";"2021-10-11";54659.01;57839.04;54415.06;57471.35;52933.165751;2994673617.72365;"1690409";"";2812.34;0;1;2812.34;0.603634677753427;0.603634677753427
"movement.120";"2021-10-10";54949.72;56561.31;54080;54659;89237.836128;4923958325.38988;"2427176";"";-290.720000000001;0;1;290.720000000001;0.0587346354945333;-0.0587346354945333
"movement.121";"2021-10-09";53955.67;55489;53661.67;54949.72;55177.08013;3024862790.69559;"1609483";"";994.050000000003;0;1;994.050000000003;0.251297504594671;0.251297504594671
"movement.122";"2021-10-08";53785.22;56100;53617.61;53951.43;46160.25785;2522087625.09408;"1548832";"";166.209999999999;0;1;166.209999999999;0.0439102614907454;0.0439102614907454
"movement.123";"2021-10-07";55315;55332.31;53357;53785.22;54917.37766;2983143121.08864;"1703147";"";-1529.78;0;0;1529.78;0.287823142050799;-0.287823142050799
"movement.124";"2021-10-06";51471.99;55750;50382.41;55315;79877.545181;4236927265.38152;"2443126";"";3843.01;0;0;3843.01;2.61075822525968;2.61075822525968
"movement.125";"2021-10-05";49224.93;51886.3;49022.4;51471.99;52125.66793;2618101829.01772;"1641651";"";2247.06;0;1;2247.06;0.243585588183325;0.243585588183325
"movement.126";"2021-10-04";48200.01;49536.12;46891;49224.94;46796.49372;2258464361.12636;"1437692";"";1024.93;0;1;1024.93;0.124991310986206;0.124991310986206
"movement.127";"2021-10-03";47634.89;49228.08;47088;48200.01;30825.05601;1482764462.19058;"1114294";"";565.120000000003;0;1;565.120000000003;0.0740180932534722;0.0740180932534722
"movement.128";"2021-10-02";48141.6;48336.59;47430.18;47634.9;30508.98131;1459064880.53244;"996116";"";-506.699999999997;0;0;506.699999999997;0.0622359241426743;-0.0622359241426743
"movement.129";"2021-10-01";43820.01;48495;43283.03;48141.61;66244.87492;3076094886.59247;"1771237";"";4321.6;0;1;4321.6;1.13130593898969;1.13130593898969
"movement.130";"2021-09-30";41524.29;44141.37;41410.17;43824.1;46381.22781;2005486003.56468;"1197815";"";2299.81;0;0;2299.81;1.50877457701618;1.50877457701618
"movement.131";"2021-09-29";41025.01;42590;40753.88;41524.28;33511.53487;1399625476.05638;"884909";"";499.269999999997;0;0;499.269999999997;0.487087930849452;0.487087930849452
"movement.132";"2021-09-28";42147.35;42787.38;40888;41026.54;43372.2624;1816305387.83886;"1045389";"";-1120.81;0;1;1120.81;0.521950310848254;-0.521950310848254
"movement.133";"2021-09-27";43160.9;44350;42098;42147.35;39776.84383;1728912299.80342;"1001487";"";-1013.55;0;0;1013.55;0.320652345850866;-0.320652345850866
"movement.134";"2021-09-26";42670.63;43950;40750;43160.9;49879.99765;2124657079.27978;"1374145";"";490.270000000004;0;0;490.270000000004;0.183578406593202;0.183578406593202
"movement.135";"2021-09-25";42810.58;42966.84;41646.28;42670.64;33594.57189;1428238748.20953;"949787";"";-139.940000000002;0;1;139.940000000002;0.0497904347145437;-0.0497904347145437
"movement.136";"2021-09-24";44865.26;45200;40675;42810.57;84113.426292;3596718231.05055;"1819744";"";-2054.69;0;1;2054.69;0.422318642785792;-0.422318642785792
"movement.137";"2021-09-23";43546.37;44978;43069.09;44865.26;48699.57655;2147211305.48209;"1196106";"";1318.89;0;0;1318.89;0.371898589261696;0.371898589261696
"movement.138";"2021-09-22";40734.09;44000.55;40565.39;43543.61;58349.05542;2482639471.9076;"1304011";"";2809.52;0;1;2809.52;3.82721464670545;3.82721464670545
"movement.139";"2021-09-21";43016.64;43639;39600;40734.38;84534.080485;3551997786.69036;"1820721";"";-2282.26;0;1;2282.26;0.756556964039462;-0.756556964039462
"movement.140";"2021-09-20";47241.75;47347.25;42500;43015.62;78003.524443;3457139274.30007;"1842231";"";-4226.13;0;0;4226.13;0.583578554907308;-0.583578554907308
"movement.141";"2021-09-19";48292.75;48372.83;46829.18;47241.75;29847.24349;1421642879.49321;"909785";"";-1051;0;1;1051;0.126737210213741;-0.126737210213741
"movement.142";"2021-09-18";47299.98;48843.2;47035.56;48292.74;30906.47038;1491461627.95142;"976346";"";992.759999999995;0;1;992.759999999995;0.135994893136693;0.135994893136693
"movement.143";"2021-09-17";47737.81;48150;46699.56;47299.98;34461.92776;1637122049.41284;"1033968";"";-437.829999999994;0;1;437.829999999994;0.0565831934358681;-0.0565831934358681
"movement.144";"2021-09-16";48121.4;48557;47021.1;47737.82;40725.08895;1948447232.91072;"1176129";"";-383.580000000002;0;1;383.580000000002;0.0472307730194304;-0.0472307730194304
"movement.145";"2021-09-15";47103.28;48500;46682.32;48121.41;43204.71174;2056996398.84396;"1176050";"";1018.13;0;1;1018.13;0.143332376029103;0.143332376029103
"movement.146";"2021-09-14";44940.72;47250;44594.44;47111.52;44855.85099;2072259519.06192;"1210258";"";2170.8;0;1;2170.8;0.439369160770089;0.439369160770089
"movement.147";"2021-09-13";46025.23;46880;43370;44940.73;65429.15056;2930668118.26163;"1703512";"";-1084.5;0;1;1084.5;0.179993128893005;-0.179993128893005
"movement.148";"2021-09-12";45173.68;46460;44742.06;46025.24;32094.28052;1464780920.21998;"1179808";"";851.559999999998;0;0;851.559999999998;0.164594640565322;0.164594640565322
"movement.149";"2021-09-11";44842.2;45987.93;44722.22;45173.69;30440.4081;1380370764.01272;"1060890";"";331.490000000005;0;1;331.490000000005;0.0684585518978987;0.0684585518978987
"movement.150";"2021-09-10";46395.14;47033;44132.29;44850.91;49048.26618;2243698626.03952;"1569941";"";-1544.23;0;1;1544.23;0.241469303252156;-0.241469303252156
"movement.151";"2021-09-09";46048.31;47399.97;45513.08;46395.14;50651.66002;2351862983.51824;"1567586";"";346.830000000002;0;0;346.830000000002;0.0573432909358154;0.0573432909358154
"movement.152";"2021-09-08";46868.57;47340.99;44412.02;46048.31;65069.3152;3000605793.93896;"1796101";"";-820.260000000002;0;0;820.260000000002;0.119422237816606;-0.119422237816606
"movement.153";"2021-09-07";52666.2;52920;42843.05;46863.73;123048.802719;6004105772.87044;"3321711";"";-5802.46999999999;0;1;5802.46999999999;2.17630710374315;-2.17630710374315
"movement.154";"2021-09-06";51756.88;52780;50969.33;52663.9;49249.667081;2549290983.05688;"1678015";"";907.020000000004;0;0;907.020000000004;0.516267474158738;0.516267474158738
"movement.155";"2021-09-05";49917.54;51900;49450;51756.88;40544.835873;2049212025.84466;"1417660";"";1839.34;0;0;1839.34;0.185463330624328;0.185463330624328
"movement.156";"2021-09-04";49998;50535.69;49370;49915.64;34664.65959;1733527136.44426;"1225830";"";-82.3600000000006;0;1;82.3600000000006;0.00823764752950596;-0.00823764752950596
"movement.157";"2021-09-03";49246.63;51000;48316.84;49999.14;59025.644157;2949574478.07174;"1645163";"";752.510000000002;0;1;752.510000000002;0.0813820819044346;0.0813820819044346
"movement.158";"2021-09-02";48810.51;50450.13;48584.06;49246.64;54410.770538;2704192314.67469;"1549849";"";436.129999999997;0;1;436.129999999997;0.0495011072003774;0.0495011072003774
"movement.159";"2021-09-01";47100.89;49156;46512;48810.52;49904.65528;2386074445.41585;"1280384";"";1709.63;0;1;1709.63;0.24076277762365;0.24076277762365
"movement.160";"2021-08-31";46982.91;48246.11;46700;47100.89;48645.52737;2303799571.38227;"1300400";"";117.979999999996;0;1;117.979999999996;0.0168955349560564;0.0168955349560564
"movement.161";"2021-08-30";48767.84;48888.61;46853;46982.91;40288.35083;1932344430.92393;"1204012";"";-1784.92999999999;0;1;1784.92999999999;0.203576935710505;-0.203576935710505
"movement.162";"2021-08-29";48895.35;49632.27;47762.54;48767.83;32652.283473;1588661416.36038;"1193046";"";-127.519999999997;0;1;127.519999999997;0.014335579825414;-0.014335579825414
"movement.163";"2021-08-28";49069.9;49299;48346.88;48895.35;26681.063786;1303966035.77055;"793012";"";-174.550000000003;0;1;174.550000000003;0.0192449751375432;-0.0192449751375432
"movement.164";"2021-08-27";46843.86;49149.93;46348;49069.9;42068.104965;2007071230.22;"1320503";"";2226.04;0;0;2226.04;0.325260890783856;0.325260890783856
"movement.165";"2021-08-26";48973.32;49352.84;46250;46843.87;49371.277774;2333900030.22963;"1532753";"";-2129.45;0;1;2129.45;0.237309045035728;-0.237309045035728
"movement.166";"2021-08-25";47674.01;49264.3;47126.28;48973.32;44655.830342;2149442271.52642;"1559186";"";1299.31;0;0;1299.31;0.169313044939998;0.169313044939998
"movement.167";"2021-08-24";49488.85;49860;47600;47674.01;51014.594748;2486079315.56442;"1692896";"";-1814.84;0;1;1814.84;0.191260268631077;-0.191260268631077
"movement.168";"2021-08-23";49239.22;50500;49029;49488.85;52462.541954;2616721363.68517;"2143309";"";249.629999999997;0;0;249.629999999997;0.0270185145499293;0.0270185145499293
"movement.169";"2021-08-22";48821.88;49500;48050;49239.22;37007.887795;1807169840.16917;"1610192";"";417.340000000004;0;0;417.340000000004;0.0473073766589439;0.0473073766589439
"movement.170";"2021-08-21";49322.47;49757.04;48222;48821.87;46745.136584;2290966131.37616;"2069725";"";-500.599999999999;0;1;500.599999999999;0.0536982151725882;-0.0536982151725882
"movement.171";"2021-08-20";46760.62;49382.99;46622.99;49322.47;56850.352228;2721131744.27782;"1950404";"";2561.85;0;1;2561.85;0.378937138901461;0.378937138901461
"movement.172";"2021-08-19";44699.37;47033;43927.7;46760.62;53411.75392;2416320067.13377;"1774382";"";2061.25;0;0;2061.25;0.438622623883627;0.438622623883627
"movement.173";"2021-08-18";44695.95;46000;44203.28;44705.29;54099.415985;2439673265.94712;"1656723";"";9.34000000000378;0;0;9.34000000000378;0.00198894792321123;0.00198894792321123
"movement.174";"2021-08-17";45901.3;47160;44376;44695.95;57039.341629;2616339597.91574;"1781303";"";-1205.35000000001;0;0;1205.35000000001;0.204251605578433;-0.204251605578433
"movement.175";"2021-08-16";46973.82;48053.83;45660;45901.29;52480.574014;2462127629.60902;"1655378";"";-1072.53;0;0;1072.53;0.153793760091313;-0.153793760091313
"movement.176";"2021-08-15";47068.5;47372.27;45500;46973.82;42110.711334;1950753713.21212;"1580122";"";-94.6800000000003;0;1;94.6800000000003;0.0133946381834902;-0.0133946381834902
"movement.177";"2021-08-14";47799.99;48144;45971.03;47068.51;46114.359022;2166461458.66825;"1849556";"";-731.479999999996;0;1;731.479999999996;0.0937796074097526;-0.0937796074097526
"movement.178";"2021-08-13";44400.06;47886;44217.39;47800;48239.370431;2239435701.11779;"1804716";"";3399.94;0;0;3399.94;0.772703099503189;0.772703099503189
"movement.179";"2021-08-12";45510.67;46218.12;43770;44399;55266.108781;2478758524.86418;"1623329";"";-1111.67;0;0;1111.67;0.201730461087308;-0.201730461087308
"movement.180";"2021-08-11";45585;46743.47;45341.14;45511;52734.901977;2432788769.8327;"1862925";"";-74;0;0;74;0.0132497761862131;-0.0132497761862131
"movement.181";"2021-08-10";46248.87;46700;44589.46;45584.99;53814.643421;2452485823.93365;"1951330";"";-663.880000000005;0;1;663.880000000005;0.106240008193482;-0.106240008193482
"movement.182";"2021-08-09";43794.36;46454.15;42779;46253.4;74587.884845;3362870286.25812;"2130595";"";2459.04;0;0;2459.04;0.648077673178086;0.648077673178086
"movement.183";"2021-08-08";44572.54;45310;43261;43794.37;69329.092698;3074924734.87934;"1857112";"";-778.169999999998;0;0;778.169999999998;0.170183311682347;-0.170183311682347
"movement.184";"2021-08-07";42836.87;44700;42446.41;44572.54;73396.740808;3197407326.03679;"2258213";"";1735.67;0;1;1735.67;0.611825709320483;0.611825709320483
"movement.185";"2021-08-06";40862.46;43392.43;39853.86;42836.87;75753.941347;3148022459.91616;"2223356";"";1974.41;0;1;1974.41;2.2892771838694;2.2892771838694
"movement.186";"2021-08-05";39723.17;41350;37332.7;40862.46;84343.755621;3314527738.33973;"1913281";"";1139.29;0;1;1139.29;0.117172691622177;0.117172691622177
"movement.187";"2021-08-04";38207.04;39969.66;37508.56;39723.18;52329.35243;2028792778.1848;"1220555";"";1516.14;0;1;1516.14;0.184736518891098;0.184736518891098
"movement.188";"2021-08-03";39146.86;39780;37642.03;38207.05;57117.435853;2195360658.56733;"1379871";"";-939.809999999998;0;1;939.809999999998;0.102746734945107;-0.102746734945107
"movement.189";"2021-08-02";39850.27;40480.01;38690;39147.82;50837.351954;2010928003.59441;"1162878";"";-702.449999999997;0;1;702.449999999997;0.0713127660460066;-0.0713127660460066
"movement.190";"2021-08-01";41461.84;42599;39422.01;39845.44;53953.186326;2227567271.48787;"1603964";"";-1616.39999999999;0;1;1616.39999999999;1.10572976522738;-1.10572976522738
"movement.191";"2021-07-31";42206.36;42448;41000.15;41461.83;44849.791012;1868285510.88468;"1565380";"";-744.529999999999;0;1;744.529999999999;0.337447198100038;-0.337447198100038
"movement.192";"2021-07-30";40018.49;42316.71;38313.23;42206.37;73602.784805;2939833541.38154;"1797012";"";2187.88;0;1;2187.88;118.32774472688;118.32774472688
"movement.193";"2021-07-29";40019.57;40640;39200;40016.48;53998.439283;2154190697.34532;"1428738";"";-3.08999999999651;0;1;3.08999999999651;0.157894736841927;-0.157894736841927
"movement.194";"2021-07-28";39456.61;40900;38772;40019.56;101344.528441;4040889461.66153;"2631048";"";562.949999999997;0;1;562.949999999997;0.0595297892162199;0.0595297892162199
"movement.195";"2021-07-27";37241.33;39542.61;36383;39457.87;88397.267015;3335658261.99555;"1938478";"";2216.54;0;1;2216.54;0.3060957034136;0.3060957034136
"movement.196";"2021-07-26";35381.02;40550;35205.78;37237.6;152452.512724;5832475057.06568;"3330102";"";1856.58;0;1;1856.58;0.345023805895537;0.345023805895537
"movement.197";"2021-07-25";34261.51;35398;33851.12;35381.02;47852.928313;1646935552.80554;"1245775";"";1119.50999999999;0;1;1119.50999999999;0.262702657039405;0.262702657039405
"movement.198";"2021-07-24";33634.1;34500;33401.14;34258.14;47977.550138;1625046258.43655;"1196914";"";624.040000000001;0;1;624.040000000001;0.171717894389258;0.171717894389258
"movement.199";"2021-07-23";32287.58;33650;31924.32;33634.09;50112.863626;1631947003.07305;"1394786";"";1346.50999999999;0;0;1346.50999999999;0.588617665830264;0.588617665830264
"movement.200";"2021-07-22";32144.51;32591.35;31708;32287.83;46148.092433;1482763544.95054;"1000742";"";143.320000000003;0;1;143.320000000003;0.066831117597961;0.066831117597961
"movement.201";"2021-07-21";29790.34;32858;29482.61;32144.51;82796.265128;2603140706.08222;"1415058";"";2354.17;0;1;2354.17;0.24045845190259;0.24045845190259
"movement.202";"2021-07-20";30839.65;31063.07;29278;29790.35;61034.049017;1821230700.02039;"1062139";"";-1049.3;0;1;1049.3;1.24968736973739;-1.24968736973739
"movement.203";"2021-07-19";31778.57;31899;30407.44;30839.65;47340.468499;1470563281.9365;"846029";"";-938.919999999998;0;0;938.919999999998;0.527907251331125;-0.527907251331125
"movement.204";"2021-07-18";31520.07;32435;31108.97;31778.56;35923.716186;1140964365.6466;"760979";"";258.490000000002;0;1;258.490000000002;0.1700513792128;0.1700513792128
"movement.205";"2021-07-17";31383.86;31955.92;31164.31;31520.07;34012.242132;1072815966.33631;"883442";"";136.209999999999;0;0;136.209999999999;0.0984275866055809;0.0984275866055809
"movement.206";"2021-07-16";31874.49;32249.18;31020;31383.87;48499.864154;1538342711.57966;"1067591";"";-490.620000000003;0;0;490.620000000003;0.261735191972218;-0.261735191972218
"movement.207";"2021-07-15";32820.03;33185.25;31133;31880;51639.576353;1652077965.43656;"1099367";"";-940.029999999999;0;1;940.029999999999;0.333340425456466;-0.333340425456466
"movement.208";"2021-07-14";32729.12;33114.03;31550;32820.02;46777.823484;1515692074.98755;"1123129";"";90.8999999999978;0;1;90.8999999999978;0.0333074397608012;0.0333074397608012
"movement.209";"2021-07-13";33086.94;33340;32202.25;32729.77;41126.361008;1348583017.01034;"956053";"";-357.170000000002;0;1;357.170000000002;0.115703577005061;-0.115703577005061
"movement.210";"2021-07-12";34259;34678.43;32658.34;33086.63;48181.403762;1620646741.33496;"1176847";"";-1172.37;0;0;1172.37;0.27526884245128;-0.27526884245128
"movement.211";"2021-07-11";33502.87;34666;33306.47;34258.99;31572.647448;1070033013.19204;"952891";"";756.119999999995;0;0;756.119999999995;0.215857282742436;0.215857282742436
"movement.212";"2021-07-10";33815.81;34262;33004.78;33502.87;34761.175468;1171790111.083;"865508";"";-312.939999999995;0;1;312.939999999995;0.0820114209040794;-0.0820114209040794
"movement.213";"2021-07-09";32875.71;34100;32261.07;33815.81;47153.939899;1562958239.39138;"1236351";"";940.099999999999;0;1;940.099999999999;0.326910571650131;0.326910571650131
"movement.214";"2021-07-08";33862.11;33929.64;32077;32875.71;70136.48032;2304973020.29872;"1257892";"";-986.400000000001;0;1;986.400000000001;0.255404429185083;-0.255404429185083
"movement.215";"2021-07-07";34220.02;35059.09;33777.77;33862.12;53807.521675;1857658028.4808;"1041416";"";-357.899999999994;0;1;357.899999999994;0.0848100245970384;-0.0848100245970384
"movement.216";"2021-07-06";33690.15;35118.88;33532;34220.01;58210.596349;1991691100.94827;"1184687";"";529.860000000001;0;0;529.860000000001;0.143587659038251;0.143587659038251
"movement.217";"2021-07-05";35288.13;35293.78;33125.55;33690.14;64123.874245;2183406257.49383;"1109367";"";-1597.99;0;1;1597.99;0.302184326028293;-0.302184326028293
"movement.218";"2021-07-04";34669.12;35967.85;34357.15;35286.51;43703.475789;1544458212.39263;"1164970";"";617.389999999999;0;1;617.389999999999;0.132228342814063;0.132228342814063
"movement.219";"2021-07-03";33786.54;34945.61;33316.73;34669.13;43044.578641;1478423023.50348;"1078278";"";882.589999999997;0;1;882.589999999997;0.233086141966016;0.233086141966016
"movement.220";"2021-07-02";33502.33;33977.04;32699;33786.55;56172.181378;1870193042.39354;"1176457";"";284.220000000001;0;1;284.220000000001;0.0811516904460748;0.0811516904460748
"movement.221";"2021-07-01";35045;35057.57;32711;33504.69;71708.266112;2410809595.39046;"1240681";"";-1540.31;1;1;1540.31;0.305314172447968;-0.305314172447968
"movement.222";"2021-06-30";35911.72;36100;34017.55;35045;77152.197634;2688939291.09567;"1301036";"";-866.720000000001;0;1;866.720000000001;0.146610461929862;-0.146610461929862
"movement.223";"2021-06-29";34494.89;36600;34225.43;35911.73;90788.79622;3233947791.86339;"1673802";"";1416.84;0;1;1416.84;0.315211273245842;0.315211273245842
"movement.224";"2021-06-28";34702.49;35297.71;33862.72;34494.89;82222.267819;2837122779.5244;"1868627";"";-207.599999999999;0;1;207.599999999999;0.0441468243419972;-0.0441468243419972
"movement.225";"2021-06-27";32283.65;34749;31973.45;34700.34;96613.244211;3199980157.75033;"1799875";"";2416.69;0;0;2416.69;1.05825761390756;1.05825761390756
"movement.226";"2021-06-26";31576.09;32730;30151;32283.65;107820.375287;3376415451.79312;"1814051";"";707.560000000001;0;1;707.560000000001;0.448933753783097;0.448933753783097
"movement.227";"2021-06-25";34663.08;35500;31275;31584.45;116061.130356;3846120542.6573;"2094932";"";-3078.63;1;1;3078.63;0.660213850073342;-0.660213850073342
"movement.228";"2021-06-24";33675.07;35298;32286.57;34663.09;86625.80426;2925373222.10598;"1531230";"";988.019999999997;0;1;988.019999999997;0.268843858756431;0.268843858756431
"movement.229";"2021-06-23";32509.56;34881;31683;33678.07;126966.100563;4282250433.91945;"2026228";"";1168.51;0;0;1168.51;0.46562345590462;0.46562345590462
"movement.230";"2021-06-22";31614.12;33298.78;28805;32509.56;204208.179762;6406159197.07679;"3113977";"";895.440000000002;0;1;895.440000000002;0.55475429336109;0.55475429336109
"movement.231";"2021-06-21";35600.17;35750;31251.23;31608.93;168778.873159;5545926077.78807;"2688993";"";-3991.24;0;1;3991.24;0.712699793041997;-0.712699793041997
"movement.232";"2021-06-20";35483.72;36137.72;33336;35600.16;89878.17085;3124634336.84076;"1691871";"";116.440000000002;0;0;116.440000000002;0.0212337610235392;0.0212337610235392
"movement.233";"2021-06-19";35820.48;36457;34803.52;35483.72;68712.449461;2453817534.77717;"1212278";"";-336.760000000002;0;0;336.760000000002;0.0578577711803841;-0.0578577711803841
"movement.234";"2021-06-18";38092.97;38202.84;35129.29;35819.84;95228.042935;3507868126.3062;"1809253";"";-2273.13;0;1;2273.13;0.280877106921193;-0.280877106921193
"movement.235";"2021-06-17";38349;39559.88;37365;38092.97;79541.307119;3065622530.03989;"1620210";"";-256.029999999999;0;1;256.029999999999;0.0306659480177265;-0.0306659480177265
"movement.236";"2021-06-16";40143.8;40527.14;38116.01;38349.01;87771.976937;3450556041.60058;"2134897";"";-1794.79;0;0;1794.79;12.4811543810848;-12.4811543810848
"movement.237";"2021-06-15";40516.28;41330;39506.4;40144.04;80679.622838;3247746713.62741;"1931890";"";-372.239999999998;0;1;372.239999999998;0.721004106298904;-0.721004106298904
"movement.238";"2021-06-14";39020.56;41064.05;38730;40516.29;108522.391949;4320307646.76539;"2185089";"";1495.73;0;1;1495.73;0.165813430651756;0.165813430651756
"movement.239";"2021-06-13";35546.12;39380;34757;39020.57;86921.025555;3208991521.63768;"1894103";"";3474.45;0;1;3474.45;0.626464988135849;0.626464988135849
"movement.240";"2021-06-12";37331.98;37463.63;34600.36;35546.11;87717.54999;3132387326.53751;"1719650";"";-1785.87;0;1;1785.87;0.243572677503212;-0.243572677503212
"movement.241";"2021-06-11";36677.83;37680.4;35936.77;37331.98;78466.0053;2903043643.31007;"1727645";"";654.150000000001;0;1;654.150000000001;0.0979584685444226;0.0979584685444226
"movement.242";"2021-06-10";37388.05;38491;35782;36675.72;109527.284943;4062957162.3643;"2231430";"";-712.330000000002;0;0;712.330000000002;0.096416510445923;-0.096416510445923
"movement.243";"2021-06-09";33380.8;37534.79;32396.82;37388.05;136607.597517;4794741674.43882;"2601479";"";4007.25;0;0;4007.25;1.18529637955513;1.18529637955513
"movement.244";"2021-06-08";33556.96;34068.01;31000;33380.81;123251.189037;4030784324.60968;"2074885";"";-176.150000000001;0;1;176.150000000001;0.0495226260627056;-0.0495226260627056
"movement.245";"2021-06-07";35796.31;36900;33300;33552.79;77574.952573;2755673601.71391;"1532260";"";-2243.52;0;1;2243.52;0.387060043372421;-0.387060043372421
"movement.246";"2021-06-06";35516.07;36480;35222;35796.31;47650.206637;1711857075.04717;"993430";"";280.239999999998;0;1;280.239999999998;0.0508042863850528;0.0508042863850528
"movement.247";"2021-06-05";36829.15;37925;34800;35513.2;70459.62149;2560547116.83641;"1463754";"";-1315.95;0;1;1315.95;0.192696016341712;-0.192696016341712
"movement.248";"2021-06-04";39246.78;39289.07;35555.15;36829;91317.799245;3379399754.93052;"1926311";"";-2417.78;1;1;2417.78;0.261472642368478;-0.261472642368478
"movement.249";"2021-06-03";37568.68;39476;37170;39246.79;75889.106011;2930945325.70921;"1949658";"";1678.11;0;1;1678.11;0.221717657504347;0.221717657504347
"movement.250";"2021-06-02";36694.85;38225;35920;37568.68;67587.372495;2523462575.68844;"1530915";"";873.830000000002;0;1;873.830000000002;0.130522715221402;0.130522715221402
"movement.251";"2021-06-01";37253.82;37894.81;35666;36693.09;81234.66377;2973928300.37559;"1760417";"";-560.730000000003;0;0;560.730000000003;0.0773013391564725;-0.0773013391564725
"movement.252";"2021-05-31";35641.26;37499;34153.84;37253.81;94160.735289;3406047734.83113;"1896359";"";1612.55;0;1;1612.55;0.285849260626171;0.285849260626171
"movement.253";"2021-05-30";34605.15;36488;33379;35641.27;73535.386967;2601994948.14824;"1559892";"";1036.12;0;0;1036.12;0.224991585507529;0.224991585507529
"movement.254";"2021-05-29";35661.79;37338.58;33632.76;34605.15;112663.092689;3949843335.3226;"2169643";"";-1056.64;0;1;1056.64;0.186626490915417;-0.186626490915417
"movement.255";"2021-05-28";38529.99;38877.83;34684;35663.49;135377.62972;4926260941.93361;"2659178";"";-2866.5;0;1;2866.5;0.336049631945641;-0.336049631945641
"movement.256";"2021-05-27";39241.92;40411.14;37134.27;38529.98;86547.158794;3361413526.05354;"2102182";"";-711.939999999995;0;1;711.939999999995;0.077033776531283;-0.077033776531283
"movement.257";"2021-05-26";38324.72;40841;37800.44;39241.91;104780.773396;4113717505.26355;"2432319";"";917.190000000002;0;0;917.190000000002;0.110176678615017;0.110176678615017
"movement.258";"2021-05-25";38810.99;39791.77;36419.62;38324.72;111996.228404;4253519579.37873;"2508310";"";-486.269999999997;1;1;486.269999999997;0.0551890309715477;-0.0551890309715477
"movement.259";"2021-05-24";34681.44;39920;34031;38796.29;161630.893971;5996773032.15135;"3510578";"";4114.85;0;0;4114.85;0.878971000375952;0.878971000375952
"movement.260";"2021-05-23";37458.51;38270.64;31111.01;34655.25;217136.046593;7431242463.20384;"4082004";"";-2803.26;0;1;2803.26;0.375847186636473;-0.375847186636473
"movement.261";"2021-05-22";37263.35;38829;35200.62;37449.73;126542.243689;4730567647.6744;"2716691";"";186.380000000005;0;1;186.380000000005;0.0256603357954669;0.0256603357954669
"movement.262";"2021-05-21";40525.39;42200;33488;37252.01;202100.888258;7713346610.27413;"3993336";"";-3273.38;0;0;3273.38;6.23038124060221;-6.23038124060221
"movement.263";"2021-05-20";36671.23;42451.67;34850;40526.64;203017.596923;8019897067.17622;"4269898";"";3855.41;1;1;3855.41;0.577915916555118;0.577915916555118
"movement.264";"2021-05-19";42849.78;43584.9;30000;36690.09;354347.243161;13477694934.8718;"6331062";"";-6159.69;0;1;6159.69;2.16146158650843;-2.16146158650843
"movement.265";"2021-05-18";43538.02;45799.29;42250.02;42849.78;116979.860784;5146670282.5479;"2561165";"";-688.239999999998;0;1;688.239999999998;0.194526882267482;-0.194526882267482
"movement.266";"2021-05-17";46426.83;46686;42001;43538.04;166657.172736;7346755531.93386;"3216821";"";-2888.79;0;0;2888.79;0.449489094934828;-0.449489094934828
"movement.267";"2021-05-16";46762.99;49795.89;43825.39;46431.5;114269.812775;5367497608.1159;"2661295";"";-331.489999999998;0;1;331.489999999998;0.0490153024032267;-0.0490153024032267
"movement.268";"2021-05-15";49844.16;50700;46555;46762.99;89437.449359;4350775846.51736;"2286791";"";-3081.17000000001;0;1;3081.17000000001;0.312994709553685;-0.312994709553685
"movement.269";"2021-05-14";49671.92;51483;48799.75;49841.45;80082.204306;4015904915.40791;"2095860";"";169.529999999999;1;1;169.529999999999;0.0175280606125773;0.0175280606125773
"movement.270";"2021-05-13";49537.15;51367.19;46000;49670.97;147332.002121;7303694688.6014;"3570506";"";133.82;1;1;133.82;0.014031445452782;0.014031445452782
"movement.271";"2021-05-12";56670.02;58000.01;48600;49631.32;99842.789836;5476115093.11047;"2676826";"";-7038.7;0;0;7038.7;1.05527419707887;-1.05527419707887
"movement.272";"2021-05-11";55816.14;56862.43;54370;56670.02;64329.54055;3583030654.76302;"1911480";"";853.879999999997;1;1;853.879999999997;0.146812146887798;0.146812146887798
"movement.273";"2021-05-10";58240.83;59500;53400;55816.14;89586.34925;5131782639.96614;"2575419";"";-2424.69;1;1;2424.69;0.294228858015516;-0.294228858015516
"movement.274";"2021-05-09";58866.53;59300;56235.66;58240.84;69806.11991;4043552701.5066;"2170139";"";-625.690000000002;0;1;625.690000000002;0.0705676290499217;-0.0705676290499217
"movement.275";"2021-05-08";57315.49;59500;56900;58862.05;69709.906028;4079553831.98806;"2311378";"";1546.56;0;1;1546.56;0.211408941848052;0.211408941848052
"movement.276";"2021-05-07";56393.68;58650;55241.63;57314.75;74542.747829;4239374487.47477;"2361692";"";921.07;1;1;921.07;0.144059446203126;0.144059446203126
"movement.277";"2021-05-06";57436.11;58360;55200;56393.68;70181.671908;3992289527.7371;"2459881";"";-1042.43;0;1;1042.43;0.140184854715705;-0.140184854715705
"movement.278";"2021-05-05";53205.05;58069.82;52900;57436.11;77263.923439;4327994296.15144;"2378119";"";4231.06;0;1;4231.06;1.32012293099952;1.32012293099952
"movement.279";"2021-05-04";57169.39;57200;53046.69;53200.01;85324.625903;4705402064.30097;"2492629";"";-3969.38;0;0;3969.38;0.553656587241034;-0.553656587241034
"movement.280";"2021-05-03";56578.21;58981.44;56435;57169.39;57649.931286;3337604542.62738;"2102128";"";591.18;0;0;591.18;0.089869432566002;0.089869432566002
"movement.281";"2021-05-02";57797.35;57911.02;56035.25;56578.21;36812.878863;2089763230.43963;"1371638";"";-1219.14;0;1;1219.14;0.156353119970246;-0.156353119970246
"movement.282";"2021-05-01";57697.25;58458.07;56956.14;57800.37;42600.351836;2460342954.84252;"1743013";"";103.120000000003;0;0;103.120000000003;0.0133969924323625;0.0133969924323625
"movement.283";"2021-04-30";53555;57963;53013.01;57694.27;68578.910045;3808187372.73938;"2267648";"";4139.27;0;1;4139.27;1.16435161744022;1.16435161744022
"movement.284";"2021-04-29";54846.23;55195.84;52330.94;53555;52486.019455;2823220335.47604;"1763676";"";-1291.23;0;1;1291.23;0.266440098798448;-0.266440098798448
"movement.285";"2021-04-28";55011.97;56428;53813.16;54846.22;55130.459015;3020242787.50668;"1830042";"";-165.75;1;1;165.75;0.0330708284367225;-0.0330708284367225
"movement.286";"2021-04-27";54001.38;55460;53222;55011.97;54064.034675;2949719328.36699;"1568666";"";1010.59;0;1;1010.59;0.252560366673499;0.252560366673499
"movement.287";"2021-04-26";49066.76;54356.62;48753.44;54001.39;86310.802124;4555688503.39739;"2174544";"";4934.63;0;0;4934.63;0.544255059139097;0.544255059139097
"movement.288";"2021-04-25";50047.84;50567.91;46930;49066.77;58255.645004;2867858315.18732;"1475479";"";-981.07;0;1;981.07;20.5073160535117;-20.5073160535117
"movement.289";"2021-04-24";51110.56;51166.22;48657.14;50047.84;55361.512573;2762081002.87866;"1164985";"";-1062.72;1;1;1062.72;0.95692263362628;-0.95692263362628
"movement.290";"2021-04-23";51690.95;52131.85;47500;51125.14;132230.780719;6571097317.46792;"2888237";"";-565.809999999998;0;1;565.809999999998;0.334610721783611;-0.334610721783611
"movement.291";"2021-04-22";53787.62;55521.48;50500;51690.96;104656.631337;5594983857.31809;"2744621";"";-2096.66;0;1;2096.66;0.553556058949948;-0.553556058949948
"movement.292";"2021-04-21";56425;56757.91;53536.02;53787.63;66984.756909;3704549578.6973;"2134946";"";-2637.37;0;1;2637.37;0.410485603112841;-0.410485603112841
"movement.293";"2021-04-20";55633.14;57076.24;53329.96;56425;72744.482151;4037701391.61953;"2148820";"";791.860000000001;0;0;791.860000000001;0.140571688259124;0.140571688259124
"movement.294";"2021-04-19";56150.01;57526.81;54221.58;55633.14;78229.042267;4398619580.64714;"2390527";"";-516.870000000003;0;1;516.870000000003;0.0840437657824951;-0.0840437657824951
"movement.295";"2021-04-18";60006.67;60499;50931.3;56150.01;124882.131824;6949379727.42915;"3444089";"";-3856.66;0;1;3856.66;578.209895052473;-578.209895052473
"movement.296";"2021-04-17";61334.81;62506.05;59580.91;60006.66;58912.256128;3605701810.67505;"2268816";"";-1328.14999999999;1;1;1328.14999999999;0.995010525842625;-0.995010525842625
"movement.297";"2021-04-16";63158.74;63520.61;60000;61334.8;91764.139884;5647292669.61549;"2639940";"";-1823.94;0;1;1823.94;0.577426442188973;-0.577426442188973
"movement.298";"2021-04-15";62959.53;63800;62020;63159.98;51649.70034;3248931738.29318;"1938028";"";200.450000000004;1;1;200.450000000004;0.0677303490756993;0.0677303490756993
"movement.299";"2021-04-14";63575.01;64854;61301;62959.53;82616.343993;5239081228.15698;"2645625";"";-615.480000000003;0;0;615.480000000003;0.172161756190893;-0.172161756190893
"movement.300";"2021-04-13";59860.01;63777.77;59805.15;63575;82848.688746;5154877375.38962;"2703735";"";3714.99;0;0;3714.99;0.376773451548223;0.376773451548223
"movement.301";"2021-04-12";59998.8;61300;59350.59;59860;56375.037117;3393042867.87147;"1806298";"";-138.800000000003;0;1;138.800000000003;0.0138816657998963;-0.0138816657998963
"movement.302";"2021-04-11";59769.13;60699;59232.52;60002.43;41156.715391;2462032926.61798;"1746102";"";233.300000000003;0;1;233.300000000003;0.0238813486973766;0.0238813486973766
"movement.303";"2021-04-10";58142.55;61500;57900.01;59769.13;69906.424117;4197138552.46903;"2470398";"";1626.57999999999;0;1;1626.57999999999;0.199762973515667;0.199762973515667
"movement.304";"2021-04-09";58077.52;58894.9;57654;58142.54;40831.884911;2378340697.28958;"1615962";"";65.0200000000041;0;1;65.0200000000041;0.00804950034168954;0.00804950034168954
"movement.305";"2021-04-08";55953.44;58153.31;55700;58077.52;44283.147019;2531779682.55243;"1661080";"";2124.07999999999;0;1;2124.07999999999;0.356781961353435;0.356781961353435
"movement.306";"2021-04-07";57990.03;58655;55473;55953.45;71228.405659;4053294016.48451;"2206433";"";-2036.58;0;1;2036.58;0.254890156857984;-0.254890156857984
"movement.307";"2021-04-06";59129.99;59495.24;57413.02;57991.15;54201.000727;3166911557.14816;"1960513";"";-1138.84;0;0;1138.84;0.124736171671601;-0.124736171671601
"movement.308";"2021-04-05";58202.01;59272;56777.77;59129.99;54258.01579;3155214764.16449;"2035877";"";927.979999999996;0;1;927.979999999996;0.113140559448232;0.113140559448232
"movement.309";"2021-04-04";57051.95;58492.85;56388;58202.01;41314.081973;2380139010.73023;"1499113";"";1150.06;0;1;1150.06;0.163083969682145;0.163083969682145
"movement.310";"2021-04-03";58950.01;59791.72;56880;57051.94;47409.852113;2783151686.16454;"1606805";"";-1898.07;0;1;1898.07;0.212074623380309;-0.212074623380309
"movement.311";"2021-04-02";58720.45;60200;58428.57;58950.01;47382.418781;2811159761.26847;"1666356";"";229.560000000005;0;0;229.560000000005;0.0263243295930835;0.0263243295930835
"movement.312";"2021-04-01";58739.46;59490;57935.45;58720.44;47415.61722;2789238879.94337;"1594431";"";-19.0199999999968;1;1;19.0199999999968;0.00217633583768297;-0.00217633583768297
"movement.313";"2021-03-31";58746.57;59800;56769;58740.55;60975.542666;3575976083.80458;"1928224";"";-6.0199999999968;0;1;6.0199999999968;0.000688269801761925;-0.000688269801761925
"movement.314";"2021-03-30";57635.46;59368;57071.35;58746.57;55122.443122;3221944107.45503;"1612744";"";1111.11;0;1;1111.11;0.145519719833514;0.145519719833514
"movement.315";"2021-03-29";55777.65;58405.82;54800.01;57635.47;67857.937398;3877131109.73465;"1983437";"";1857.82;0;1;1857.82;0.321552880496396;0.321552880496396
"movement.316";"2021-03-28";55817.14;56559.75;54691.84;55777.63;39050.387511;2178777329.44522;"1551283";"";-39.510000000002;0;1;39.510000000002;0.00679199744204232;-0.00679199744204232
"movement.317";"2021-03-27";55025.59;56700.36;53950;55817.14;50105.475055;2767070175.86193;"1528776";"";791.550000000003;0;1;791.550000000003;0.157503895065058;0.157503895065058
"movement.318";"2021-03-26";51293.78;55073.46;51214.6;55025.59;63813.774692;3397036140.75164;"1773150";"";3731.81;0;1;3731.81;2.88442393606332;2.88442393606332
"movement.319";"2021-03-25";52303.66;53287;50427.56;51293.78;87400.534538;4536327184.95786;"2099425";"";-1009.88;0;1;1009.88;0.438380663813238;-0.438380663813238
"movement.320";"2021-03-24";54342.8;57200;51700;52303.65;83537.465021;4583159614.04646;"2401988";"";-2039.15;1;1;2039.15;0.469547296674957;-0.469547296674957
"movement.321";"2021-03-23";54083.25;55830.9;53000;54340.89;59789.365427;3264650774.81746;"1740349";"";257.639999999999;0;1;257.639999999999;0.0630967978938344;0.0630967978938344
"movement.322";"2021-03-22";57351.56;58430.73;53650;54083.25;62581.626169;3527479514.32565;"1927345";"";-3268.31;0;0;3268.31;0.444573668717932;-0.444573668717932
"movement.323";"2021-03-21";58100.02;58589.1;55450.11;57351.56;48564.470274;2774223129.62381;"1773546";"";-748.459999999999;0;0;748.459999999999;0.0924022409821209;-0.0924022409821209
"movement.324";"2021-03-20";58030.01;59880;57820.17;58102.28;44476.941776;2616535093.05159;"1724131";"";72.2699999999968;0;1;72.2699999999968;0.00899998879204345;0.00899998879204345
"movement.325";"2021-03-19";57641;59468;56270.74;58030.01;52392.652961;3052711147.93493;"1885830";"";389.010000000002;0;1;389.010000000002;0.0509108755398511;0.0509108755398511
"movement.326";"2021-03-18";58912.97;60129.97;57023;57648.16;66580.406675;3900885761.21281;"2040947";"";-1264.81;0;1;1264.81;0.141906682059964;-0.141906682059964
"movement.327";"2021-03-17";56900.74;58974.73;54123.69;58912.97;70421.620841;3960992972.15429;"2204296";"";2012.23;0;1;2012.23;0.291596263589123;0.291596263589123
"movement.328";"2021-03-16";55605.2;56938.29;53271.34;56900.75;77986.694355;4304259207.6451;"2241208";"";1295.55;0;1;1295.55;0.231133590237637;0.231133590237637
"movement.329";"2021-03-15";58976.08;60633.43;54600;55605.2;102771.427298;5874241052.09337;"2683815";"";-3370.88;0;1;3370.88;0.375540324952541;-0.375540324952541
"movement.330";"2021-03-14";61188.38;61724.79;58966.78;58968.31;52601.05275;3176397573.88464;"1829769";"";-2220.07;1;1;2220.07;1.86814823541291;-1.86814823541291
"movement.331";"2021-03-13";57221.72;61844;56078.23;61188.39;83245.091346;4933383453.24598;"2559002";"";3966.67;1;1;3966.67;0.549269426120093;0.549269426120093
"movement.332";"2021-03-12";57773.15;58081.51;54962.84;57221.72;73405.406047;4162054726.37884;"2489931";"";-551.43;0;0;551.43;0.0709403523668011;-0.0709403523668011
"movement.333";"2021-03-11";55851.59;58150;54272.82;57773.16;81914.812859;4612366201.00222;"2509970";"";1921.57000000001;0;1;1921.57000000001;0.328384251118073;0.328384251118073
"movement.334";"2021-03-10";54874.67;57387.69;53005;55851.59;84749.238943;4700197563.35921;"2647284";"";976.919999999998;0;0;976.919999999998;0.200407412194056;0.200407412194056
"movement.335";"2021-03-09";52375.18;54895;51789.41;54884.5;71656.737076;3861450964.6549;"2194398";"";2509.32;0;1;2509.32;1.05647571973493;1.05647571973493
"movement.336";"2021-03-08";50959.11;52402.78;49274.67;52375.17;66987.359664;3400847931.03607;"1999401";"";1416.06;0;1;1416.06;1.4764312748277;1.4764312748277
"movement.337";"2021-03-07";48882.2;51450.03;48882.2;50971.75;55235.028032;2778875909.44913;"1758101";"";2089.55;0;1;2089.55;0.235251401679764;0.235251401679764
"movement.338";"2021-03-06";48746.81;49200;47070;48882.2;44399.234242;2143910705.2915;"1476474";"";135.389999999999;1;1;135.389999999999;0.0154787859802602;0.0154787859802602
"movement.339";"2021-03-05";48374.09;49448.93;46300;48751.71;78192.496372;3727133104.83731;"2054216";"";377.620000000003;0;1;377.620000000003;0.045093854974093;0.045093854974093
"movement.340";"2021-03-04";50349.37;51773.88;47500;48374.09;82649.716829;4079837240.85676;"2291936";"";-1975.28000000001;0;1;1975.28000000001;5.65383404413661;-5.65383404413661
"movement.341";"2021-03-03";48436.61;52640;48100.71;50349.37;81035.913705;4109521257.5407;"2242131";"";1912.76;1;1;1912.76;0.226721396390257;0.226721396390257
"movement.342";"2021-03-02";49595.76;50200;47047.6;48440.65;64221.06214;3120472069.90945;"1855583";"";-1155.11;1;1;1155.11;0.120377124896829;-0.120377124896829
"movement.343";"2021-03-01";45134.11;49790;44950.53;49587.03;85086.111648;4057515794.86573;"2147223";"";4452.92;0;0;4452.92;0.867320723552865;0.867320723552865
"movement.344";"2021-02-28";46103.67;46638.46;43000;45135.66;83055.369042;3708359965.45458;"1838345";"";-968.009999999995;0;0;968.009999999995;0.15859474709478;-0.15859474709478
"movement.345";"2021-02-27";46276.88;48394;45000;46106.43;66060.834292;3105897438.55097;"1757720";"";-170.449999999997;0;0;170.449999999997;0.0271552108690937;-0.0271552108690937
"movement.346";"2021-02-26";47073.73;48424.11;44106.78;46276.87;109423.200663;5086374532.73462;"2371766";"";-796.860000000001;0;1;796.860000000001;0.112650610074176;-0.112650610074176
"movement.347";"2021-02-25";49676.21;52041.73;46674.34;47073.73;83310.673121;4152188728.14161;"2305679";"";-2602.48;1;1;2602.48;0.268956543936107;-0.268956543936107
"movement.348";"2021-02-24";48891;51374.99;46988.69;49676.2;91881.209252;4574033001.37954;"2194532";"";785.199999999997;0;0;785.199999999997;0.0883140254189627;0.0883140254189627
"movement.349";"2021-02-23";54087.67;54183.59;44892.56;48891;169375.025051;8215839131.24339;"3825196";"";-5196.67;0;1;5196.67;1.27130370113047;-1.27130370113047
"movement.350";"2021-02-22";57412.35;57508.47;47622;54087.67;134019.434944;7213386720.4368;"3313083";"";-3324.68;1;1;3324.68;0.448532516678246;-0.448532516678246
"movement.351";"2021-02-21";55841.19;58352.8;55477.59;57408.57;58166.708511;3317998263.34789;"1950533";"";1567.38;1;1;1567.38;0.26833230899868;0.26833230899868
"movement.352";"2021-02-20";55906;57700.46;53863.93;55841.19;80948.205314;4551890859.85127;"2642846";"";-64.8099999999977;0;1;64.8099999999977;0.0109735861835418;-0.0109735861835418
"movement.353";"2021-02-19";51552.61;56368;50710.2;55906;79659.77802;4251167827.68425;"2339215";"";4353.39;0;0;4353.39;2.80391727478246;2.80391727478246
"movement.354";"2021-02-18";52117.67;52530;50901.9;51552.6;60758.046954;3149973077.48747;"1891592";"";-565.07;0;0;565.07;0.266835720390807;-0.266835720390807
"movement.355";"2021-02-17";49133.45;52618.74;48947;52119.71;85743.637818;4365831514.8153;"2514374";"";2986.26;0;1;2986.26;0.326958597244196;0.326958597244196
"movement.356";"2021-02-16";47911.1;50689.18;47003.62;49133.45;88813.266298;4349983777.69237;"2199849";"";1222.35;0;1;1222.35;0.154510750717346;0.154510750717346
"movement.357";"2021-02-15";48580.47;49010.92;45570.79;47911.1;79398.156784;3782219060.66472;"2313155";"";-669.370000000003;1;1;669.370000000003;0.0780108781919875;-0.0780108781919875
"movement.358";"2021-02-14";47156.78;49707.43;47014.17;48577.79;73735.475533;3584808348.83473;"2090070";"";1421.01;0;1;1421.01;0.198554377806779;0.198554377806779
"movement.359";"2021-02-13";47298.15;48150;46202.53;47153.69;63768.097399;3007710147.41816;"2058823";"";-144.459999999999;0;1;144.459999999999;0.0197940573981076;-0.0197940573981076
"movement.360";"2021-02-12";47968.66;48985.8;46125;47287.6;85870.035697;4080571908.96766;"2418841";"";-681.060000000005;0;1;681.060000000005;0.085467318219124;-0.085467318219124
"movement.361";"2021-02-11";44807.58;48678.9;43994.02;47969.51;89561.081454;4185630934.41089;"2570949";"";3161.93;1;1;3161.93;0.657696803797337;0.657696803797337
"movement.362";"2021-02-10";46420.42;47310;43727;44807.58;97154.1822;4431650130.25111;"2891592";"";-1612.84;0;1;1612.84;0.251204749845025;-0.251204749845025
"movement.363";"2021-02-09";46374.86;48142.19;44961.09;46420.42;115499.861712;5386255398.01719;"3119034";"";45.5599999999977;0;1;45.5599999999977;0.00714682361651827;0.00714682361651827
"movement.364";"2021-02-08";38795.69;46794.45;37988.89;46374.87;138597.536914;5881536976.6357;"3230961";"";7579.18;1;1;7579.18;0.861692488025385;0.861692488025385
"movement.365";"2021-02-07";39181.01;39700;37351;38795.69;84363.679763;3256521384.24061;"1976357";"";-385.32;0;1;385.32;0.0419692386785332;-0.0419692386785332
"movement.366";"2021-02-06";38289.32;40955.51;38215.94;39186.94;98757.311183;3922095148.92815;"2291646";"";897.620000000003;0;1;897.620000000003;0.108286325054408;0.108286325054408
"movement.367";"2021-02-05";36936.65;38310.12;36570;38290.24;66681.334275;2509278291.75159;"1853253";"";1353.59;0;1;1353.59;0.195135980624653;0.195135980624653
"movement.368";"2021-02-04";37620.26;38708.27;36161.95;36936.66;92080.735898;3452669022.15329;"2211866";"";-683.599999999999;1;1;683.599999999999;0.0897082251786682;-0.0897082251786682
"movement.369";"2021-02-03";35472.71;37662.63;35362.38;37618.87;80784.333663;2951232788.18431;"1881740";"";2146.16;0;0;2146.16;0.392156719431507;0.392156719431507
"movement.370";"2021-02-02";33517.09;35984.33;33418;35466.24;78056.65988;2716321896.31761;"1789672";"";1949.15;0;1;1949.15;0.554193950112167;0.554193950112167
"movement.371";"2021-02-01";33092.97;34717.27;32296.16;33526.37;82718.276882;2791776658.00561;"1810492";"";433.400000000001;0;1;433.400000000001;0.140124217176371;0.140124217176371
"movement.372";"2021-01-31";34262.89;34342.69;32171.67;33092.98;68742.280384;2289641045.75801;"1707064";"";-1169.91;0;1;1169.91;0.274440579043793;-0.274440579043793
"movement.373";"2021-01-30";34246.28;34933;32825;34262.88;84889.68134;2884500062.93808;"2201040";"";16.5999999999985;0;1;16.5999999999985;0.00390930414386205;0.00390930414386205
"movement.374";"2021-01-29";33368.18;38531.9;31915.4;34252.2;231827.005626;8195593336.22847;"4403349";"";884.019999999997;0;1;884.019999999997;0.262462219952614;0.262462219952614
"movement.375";"2021-01-28";30362.19;33783.98;29842.1;33364.86;92621.145617;2953553214.06568;"2060660";"";3002.67;0;1;3002.67;8.29031723680941;8.29031723680941
"movement.376";"2021-01-27";32464.01;32557.29;29241.72;30366.15;95911.961711;2958081421.64156;"2065953";"";-2097.86;0;1;2097.86;0.85140076541897;-0.85140076541897
"movement.377";"2021-01-26";32254.19;32921.88;30837.37;32467.77;84972.20691;2708545364.49464;"2010392";"";213.580000000002;0;1;213.580000000002;0.0947480026084765;0.0947480026084765
"movement.378";"2021-01-25";32259.45;34875;31910;32254.2;88499.226921;2958759288.56357;"2106548";"";-5.25;0;1;5.25;0.00232357432118436;-0.00232357432118436
"movement.379";"2021-01-24";32078;33071;30900;32259.9;57978.037966;1864609665.3657;"1528287";"";181.900000000001;0;1;181.900000000001;0.0875360923965358;0.0875360923965358
"movement.380";"2021-01-23";32950;33456;31390.16;32078;64595.287675;2089098295.75844;"1700056";"";-872;0;1;872;0.295593220338983;-0.295593220338983
"movement.381";"2021-01-22";30851.99;33826.53;28850;32945.17;142971.684049;4483295872.02227;"2707810";"";2093.18;0;1;2093.18;2.45681287339053;2.45681287339053
"movement.382";"2021-01-21";35468.23;35600;30071;30850.13;131803.182926;4281220573.93543;"2820752";"";-4618.1;0;1;4618.1;0.844532874440176;-0.844532874440176
"movement.383";"2021-01-20";35901.94;36415.31;33400;35468.23;89368.422918;3126721093.52078;"2234539";"";-433.709999999999;0;0;433.709999999999;0.0734860062962347;-0.0734860062962347
"movement.384";"2021-01-19";36622.46;37850;35844.06;35891.49;79611.307769;2935348499.34421;"1939371";"";-730.970000000001;0;0;730.970000000001;0.110377412623104;-0.110377412623104
"movement.385";"2021-01-18";35824.99;37469.83;34800;36631.27;70698.11875;2554843260.5244;"1707766";"";806.279999999999;0;1;806.279999999999;0.13841740500842;0.13841740500842
"movement.386";"2021-01-17";35994.98;36852.5;33850;35828.61;80157.727384;2843103040.24066;"1860642";"";-166.370000000003;0;0;166.370000000003;0.0277515521319508;-0.0277515521319508
"movement.387";"2021-01-16";36737.43;37950;35357.8;35994.98;86348.431508;3178840336.14928;"2066363";"";-742.449999999997;0;0;742.449999999997;0.110197805394638;-0.110197805394638
"movement.388";"2021-01-15";39145.21;39747.76;34408;36742.22;118300.920916;4371588898.68164;"2560801";"";-2402.99;0;1;2402.99;0.26275941175763;-0.26275941175763
"movement.389";"2021-01-14";37371.38;40100;36701.23;39144.5;102950.389421;3974826638.14509;"2297466";"";1773.12;0;1;1773.12;0.240541119844588;0.240541119844588
"movement.390";"2021-01-13";34049.15;37850;32380;37371.38;124477.914938;4322876606.41963;"2514289";"";3322.23;0;1;3322.23;0.820475902349875;0.820475902349875
"movement.391";"2021-01-12";35410.37;36628;32531;34051.24;133948.151996;4651302423.48412;"2674145";"";-1359.13;0;1;1359.13;0.251208327711414;-0.251208327711414
"movement.392";"2021-01-11";38150.02;38264.74;30420;35404.47;249131.539943;8426879770.74001;"4431451";"";-2745.55;0;0;2745.55;0.336876473922763;-0.336876473922763
"movement.393";"2021-01-10";40088.22;41350;35111.11;38150.02;118209.544503;4604034729.50707;"2628050";"";-1938.2;0;1;1938.2;21.9700748129676;-21.9700748129676
"movement.394";"2021-01-09";40586.96;41380;38720;40088.22;75785.979675;3054779029.16178;"1998156";"";-498.739999999998;0;0;498.739999999998;0.849700149925034;-0.849700149925034
"movement.395";"2021-01-08";39432.48;41950;36500;40582.81;139789.957499;5568443208.73137;"2925632";"";1150.32999999999;0;1;1150.32999999999;0.121954141434702;0.121954141434702
"movement.396";"2021-01-07";36769.36;40365;36300;39432.28;132825.700437;5062569943.38337;"2814686";"";2662.92;0;1;2662.92;0.393378399139653;0.393378399139653
"movement.397";"2021-01-06";33949.53;36939.21;33288;36769.36;127139.20131;4431954248.51961;"2591783";"";2819.83;0;0;2819.83;0.713965965570587;0.713965965570587
"movement.398";"2021-01-05";31989.75;34360;29900;33949.53;116049.997038;3743617144.64692;"2526851";"";1959.78;0;1;1959.78;0.984937806257067;0.984937806257067
"movement.399";"2021-01-04";33000.05;33600;28130;31988.71;140899.88569;4429010349.69534;"2642408";"";-1011.34;0;0;1011.34;0.33710771487142;-0.33710771487142
"movement.400";"2021-01-03";32176.45;34778.11;31962.99;33000.05;120957.56675;4057598425.49202;"2369698";"";823.600000000002;0;1;823.600000000002;0.378414390406397;0.378414390406397
"movement.401";"2021-01-02";29331.7;33300;28946.53;32178.33;129993.873362;4073842163.67154;"2245922";"";2846.63;0;0;2846.63;0.305049455083211;0.305049455083211
"movement.402";"2021-01-01";28923.63;29600;28624.57;29331.69;54182.925011;1582526989.16187;"1314910";"";408.059999999998;0;0;408.059999999998;0.0457280277196609;0.0457280277196609
"movement.403";"2020-12-31";28875.55;29300;27850;28923.63;75508.505152;2173600125.42007;"1552793";"";48.0800000000017;0;1;48.0800000000017;0.00541712907932486;0.00541712907932486
"movement.404";"2020-12-30";27385;28996;27320;28875.54;95356.057826;2683953237.46027;"1916095";"";1490.54;0;1;1490.54;0.201833446174679;0.201833446174679
"movement.405";"2020-12-29";27079.42;27410;25880;27385;69411.592606;1851617219.76823;"1605166";"";305.580000000002;0;1;305.580000000002;0.0431645530283557;0.0431645530283557
"movement.406";"2020-12-28";26281.54;27500;26101;27079.41;79721.742496;2151806808.57435;"1508204";"";797.869999999999;0;1;797.869999999999;0.127018215278419;0.127018215278419
"movement.407";"2020-12-27";26493.4;28422;25700;26281.66;148455.586214;4028928683.88202;"2438493";"";-211.740000000002;0;0;211.740000000002;0.0326084947793146;-0.0326084947793146
"movement.408";"2020-12-26";24712.47;26867.03;24500;26493.39;97806.513386;2496533065.17558;"1735574";"";1780.92;0;1;1780.92;0.377916464189692;0.377916464189692
"movement.409";"2020-12-25";23728.99;24789.86;23433.6;24712.47;79519.943569;1919766316.66774;"1504426";"";983.48;0;0;983.48;0.263738974896688;0.263738974896688
"movement.410";"2020-12-24";23232.39;23794.43;22703.42;23729.2;69013.834252;1602394244.07677;"1421257";"";496.810000000001;0;1;496.810000000001;0.15369741893769;0.15369741893769
"movement.411";"2020-12-23";23810.79;24100;22600;23232.76;119047.259733;2797688007.07188;"2194611";"";-578.030000000002;0;0;578.030000000002;0.15168245954251;-0.15168245954251
"movement.412";"2020-12-22";22719.88;23837.1;22353.4;23810.79;87033.12616;2010758620.24353;"1496277";"";1090.91;0;1;1090.91;0.401087547980058;0.401087547980058
"movement.413";"2020-12-21";23455.54;24102.77;21815;22719.71;88030.297243;2035446293.92897;"1593949";"";-735.830000000002;0;1;735.830000000002;0.212942116138144;-0.212942116138144
"movement.414";"2020-12-20";23821.6;24295;23060;23455.52;76690.145685;1810862074.73031;"1743225";"";-366.079999999998;0;1;366.079999999998;0.0957923382876277;-0.0957923382876277
