"Date";"Close.Last";"Volume";"Open";"High";"Low";"movement";"relevant_tweet_posted";"tweet_posted";"movement_absolute_value_tesla";"movement_absolute_in_percent";"movement_in_percent"
"movement";2022-01-20;"$996.27";23496250;"$1009.73";"$1041.66";"$994";-13.46;0;1;13.46;0.0133302962178008;-0.0133302962178008
"movement.1";2022-01-19;"$995.65";25147500;"$1041.705";"$1054.6699";"$995";-46.0549999999999;1;1;46.0549999999999;0.0442111730288325;-0.0442111730288325
"movement.2";2022-01-18;"$1030.51";22329800;"$1026.605";"$1070.7899";"$1016.06";3.90499999999997;0;0;3.90499999999997;0.00380379990356561;0.00380379990356561
"movement.3";2022-01-14;"$1049.61";24308140;"$1019.88";"$1052";"$1013.3788";29.7299999999999;1;1;29.7299999999999;0.0291504882927402;0.0291504882927402
"movement.4";2022-01-13;"$1031.56";32403260;"$1109.065";"$1115.6";"$1026.5391";-77.5050000000001;0;0;77.5050000000001;0.0698831898941902;-0.0698831898941902
"movement.5";2022-01-12;"$1106.22";27913010;"$1078.85";"$1114.84";"$1072.5901";27.3700000000001;0;1;27.3700000000001;0.025369606525467;0.025369606525467
"movement.6";2022-01-11;"$1064.4";22021070;"$1053.67";"$1075.85";"$1038.82";10.73;1;1;10.73;0.0101834540226067;0.0101834540226067
"movement.7";2022-01-10;"$1058.12";30604960;"$1000";"$1059.1";"$980";58.1199999999999;0;1;58.1199999999999;0.0581199999999999;0.0581199999999999
"movement.8";2022-01-07;"$1026.96";28054920;"$1080.37";"$1080.9299";"$1010";-53.4099999999999;0;1;53.4099999999999;0.0494367670335162;-0.0494367670335162
"movement.9";2022-01-06;"$1064.7";30112160;"$1077";"$1088";"$1020.5";-12.3;0;1;12.3;0.0114206128133704;-0.0114206128133704
"movement.10";2022-01-05;"$1088.12";26706600;"$1146.65";"$1170.34";"$1081.0101";-58.5300000000002;0;1;58.5300000000002;0.051044346574805;-0.051044346574805
"movement.11";2022-01-04;"$1149.59";33416090;"$1189.55";"$1208";"$1123.05";-39.96;1;1;39.96;0.033592534992224;-0.033592534992224
"movement.12";2022-01-03;"$1199.78";34895350;"$1147.75";"$1201.07";"$1136.04";52.03;1;1;52.03;0.0453321716401655;0.0453321716401655
"movement.13";2021-12-31;"$1056.78";13577880;"$1073.4444";"$1081.9999";"$1054.59";-16.6644000000001;0;0;16.6644000000001;0.015524232088779;-0.015524232088779
"movement.14";2021-12-30;"$1070.34";15680310;"$1061.33";"$1095.55";"$1053.15";9.00999999999999;0;1;9.00999999999999;0.00848934827056617;0.00848934827056617
"movement.15";2021-12-29;"$1086.19";18718020;"$1098.64";"$1104";"$1064.14";-12.45;0;1;12.45;0.0113321925289449;-0.0113321925289449
"movement.16";2021-12-28;"$1088.47";20107970;"$1109.49";"$1118.9999";"$1078.42";-21.02;0;0;21.02;0.0189456416912275;-0.0189456416912275
"movement.17";2021-12-27;"$1093.94";23715270;"$1073.67";"$1117";"$1070.7152";20.27;1;1;20.27;0.0188791714400141;0.0188791714400141
"movement.18";2021-12-23;"$1067";30904430;"$1006.8";"$1072.9767";"$997.56";60.2;1;1;60.2;0.0597934048470402;0.0597934048470402
"movement.19";2021-12-22;"$1008.87";31211360;"$965.66";"$1015.6599";"$957.05";43.21;0;1;43.21;0.0447465981815546;0.0447465981815546
"movement.20";2021-12-21;"$938.53";23839310;"$916.87";"$939.5";"$886.12";21.66;1;1;21.66;0.023623850709479;0.023623850709479
"movement.21";2021-12-20;"$899.94";18826670;"$910.7";"$921.6884";"$893.39";-10.76;0;1;10.76;0.011815087295487;-0.011815087295487
"movement.22";2021-12-17;"$932.57";33626750;"$914.77";"$960.6599";"$909.0401";17.8000000000001;0;1;17.8000000000001;0.0194584431059174;0.0194584431059174
"movement.23";2021-12-16;"$926.92";27590480;"$994.5";"$994.98";"$921.85";-67.58;0;1;67.58;0.0679537456008045;-0.0679537456008045
"movement.24";2021-12-15;"$975.99";25056410;"$953.21";"$978.7499";"$928.2501";22.78;0;0;22.78;0.0238981966198424;0.0238981966198424
"movement.25";2021-12-14;"$958.51";23602090;"$945";"$966.41";"$930";13.51;1;1;13.51;0.0142962962962963;0.0142962962962963
"movement.26";2021-12-13;"$966.41";26198500;"$1001.09";"$1005";"$951.42";-34.6800000000001;0;1;34.6800000000001;0.0346422399584454;-0.0346422399584454
"movement.27";2021-12-10;"$1017.03";19888120;"$1008.75";"$1020.9797";"$982.53";8.27999999999997;0;1;8.27999999999997;0.00820817843866168;0.00820817843866168
"movement.28";2021-12-09;"$1003.8";19812830;"$1060.64";"$1062.49";"$1002.36";-56.8400000000001;0;1;56.8400000000001;0.0535902851108766;-0.0535902851108766
"movement.29";2021-12-08;"$1068.96";13968790;"$1052.71";"$1072.38";"$1033.0001";16.25;0;0;16.25;0.0154363499919256;0.0154363499919256
"movement.30";2021-12-07;"$1051.75";18694860;"$1044.2";"$1057.6739";"$1026.81";7.54999999999995;1;1;7.54999999999995;0.00723041562918977;0.00723041562918977
"movement.31";2021-12-06;"$1009.01";27221040;"$1001.51";"$1021.64";"$950.5";7.5;1;1;7.5;0.0074886920749668;0.0074886920749668
"movement.32";2021-12-03;"$1014.97";30774000;"$1084.79";"$1090.5753";"$1000.21";-69.8199999999999;0;1;69.8199999999999;0.0643626877091418;-0.0643626877091418
"movement.33";2021-12-02;"$1084.6";24371620;"$1099.06";"$1113";"$1056.65";-14.46;1;1;14.46;0.0131566975415355;-0.0131566975415355
"movement.34";2021-12-01;"$1095";22934700;"$1160.695";"$1172.8399";"$1090.76";-65.6949999999999;1;1;65.6949999999999;0.0565997096567142;-0.0565997096567142
"movement.35";2021-11-30;"$1144.76";27092040;"$1144.37";"$1168";"$1118";0.3900000000001;0;1;0.3900000000001;0.000340798867499235;0.000340798867499235
"movement.36";2021-11-29;"$1136.99";19464470;"$1100.99";"$1142.67";"$1100.19";36;0;0;36;0.0326978446670724;0.0326978446670724
"movement.37";2021-11-26;"$1081.92";11680890;"$1099.47";"$1108.7827";"$1081";-17.55;0;1;17.55;0.0159622363502414;-0.0159622363502414
"movement.38";2021-11-24;"$1116";22560240;"$1080.39";"$1132.77";"$1062";35.6099999999999;0;1;35.6099999999999;0.0329603198844861;0.0329603198844861
"movement.39";2021-11-23;"$1109.03";36171700;"$1167.51";"$1180.4999";"$1062.7";-58.48;0;0;58.48;0.0500895067279938;-0.0500895067279938
"movement.40";2021-11-22;"$1156.87";33072510;"$1162.33";"$1201.95";"$1132.43";-5.46000000000004;1;1;5.46000000000004;0.00469746113410136;-0.00469746113410136
"movement.41";2021-11-19;"$1137.06";21642260;"$1098.87";"$1138.7199";"$1092.7";38.1900000000001;0;1;38.1900000000001;0.0347538835349041;0.0347538835349041
"movement.42";2021-11-18;"$1096.38";20898930;"$1106.55";"$1112";"$1075.02";-10.1699999999998;0;1;10.1699999999998;0.00919072793818611;-0.00919072793818611
"movement.43";2021-11-17;"$1089.01";31445370;"$1063.51";"$1119.64";"$1055.5";25.5;0;1;25.5;0.0239772075485891;0.0239772075485891
"movement.44";2021-11-16;"$1054.73";26542360;"$1003.31";"$1057.1999";"$1002.18";51.4200000000001;0;0;51.4200000000001;0.0512503613040836;0.0512503613040836
"movement.45";2021-11-15;"$1013.39";34775650;"$1017.63";"$1031.98";"$978.6";-4.24000000000001;1;1;4.24000000000001;0.00416654383223766;-0.00416654383223766
"movement.46";2021-11-12;"$1033.42";25573150;"$1047.5";"$1054.5";"$1019.2";-14.0799999999999;1;1;14.0799999999999;0.0134415274463006;-0.0134415274463006
"movement.47";2021-11-11;"$1063.51";22396570;"$1102.77";"$1104.97";"$1054.68";-39.26;0;1;39.26;0.0356012586486756;-0.0356012586486756
"movement.48";2021-11-10;"$1067.95";42802720;"$1010.41";"$1078.1";"$987.31";57.5400000000001;0;1;57.5400000000001;0.0569471798576816;0.0569471798576816
"movement.49";2021-11-09;"$1023.5";59105840;"$1173.6";"$1174.5";"$1011.52";-150.1;0;1;150.1;0.127897068847989;-0.127897068847989
"movement.50";2021-11-08;"$1162.94";33445720;"$1149.785";"$1197";"$1133";13.155;0;0;13.155;0.0114412694547241;0.0114412694547241
"movement.51";2021-11-05;"$1222.09";21628810;"$1228";"$1239.87";"$1208";-5.91000000000008;0;0;5.91000000000008;0.00481270358306196;-0.00481270358306196
"movement.52";2021-11-04;"$1229.91";25397410;"$1234.41";"$1243.49";"$1217";-4.5;0;1;4.5;0.00364546625513403;-0.00364546625513403
"movement.53";2021-11-03;"$1213.86";34628520;"$1177.33";"$1215.39";"$1152.62";36.53;0;1;36.53;0.0310278341671409;0.0310278341671409
"movement.54";2021-11-02;"$1172";42737800;"$1159.355";"$1208.59";"$1146";12.645;1;1;12.645;0.0109069266963096;0.0109069266963096
"movement.55";2021-11-01;"$1208.59";56048720;"$1145";"$1209.75";"$1118.66";63.5899999999999;1;1;63.5899999999999;0.0555371179039301;0.0555371179039301
"movement.56";2021-10-29;"$1114";29918420;"$1081.86";"$1115.21";"$1073.205";32.1400000000001;0;1;32.1400000000001;0.029708095317324;0.029708095317324
"movement.57";2021-10-28;"$1077.04";27213170;"$1068.305";"$1081";"$1054.2";8.7349999999999;0;1;8.7349999999999;0.0081765039010394;0.0081765039010394
"movement.58";2021-10-27;"$1037.86";38526460;"$1039.66";"$1070.88";"$1030.78";-1.80000000000018;1;1;1.80000000000018;0.00173133524421463;-0.00173133524421463
"movement.59";2021-10-26;"$1018.43";62414970;"$1024.69";"$1094.94";"$1001.44";-6.2600000000001;0;1;6.2600000000001;0.00610916472298949;-0.00610916472298949
"movement.60";2021-10-25;"$1024.86";62852100;"$950.53";"$1045.02";"$944.2";74.3299999999999;1;1;74.3299999999999;0.0781984787434378;0.0781984787434378
"movement.61";2021-10-22;"$909.68";22880840;"$895.5";"$910";"$890.96";14.1799999999999;0;1;14.1799999999999;0.0158347292015633;0.0158347292015633
"movement.62";2021-10-21;"$894";31481450;"$856";"$900";"$855.5046";38;0;1;38;0.044392523364486;0.044392523364486
"movement.63";2021-10-20;"$865.8";14032050;"$865.35";"$869.49";"$857.38";0.449999999999932;0;0;0.449999999999932;0.000520020800831954;0.000520020800831954
"movement.64";2021-10-19;"$864.27";17381130;"$877.53";"$877.95";"$862.51";-13.26;0;1;13.26;0.0151105945095894;-0.0151105945095894
"movement.65";2021-10-18;"$870.11";24207240;"$851.79";"$875.26";"$851.47";18.3200000000001;0;1;18.3200000000001;0.0215076485988331;0.0215076485988331
"movement.66";2021-10-15;"$843.03";18924570;"$823.738";"$843.21";"$822.35";19.2919999999999;1;1;19.2919999999999;0.02342006803134;0.02342006803134
"movement.67";2021-10-14;"$818.32";12247170;"$815.49";"$820.25";"$813.3501";2.83000000000004;1;1;2.83000000000004;0.00347030619627468;0.00347030619627468
"movement.68";2021-10-13;"$811.08";14120080;"$810.47";"$815.41";"$805.78";0.610000000000014;0;0;0.610000000000014;0.00075264969708936;0.00075264969708936
"movement.69";2021-10-12;"$805.72";22020040;"$800.93";"$812.32";"$796.57";4.79000000000008;0;1;4.79000000000008;0.00598054761339952;0.00598054761339952
"movement.70";2021-10-11;"$791.94";14200320;"$787.65";"$801.24";"$785.5";4.29000000000008;1;1;4.29000000000008;0.00544658160350419;0.00544658160350419
"movement.71";2021-10-08;"$785.49";16738600;"$796.21";"$796.38";"$780.91";-10.72;1;1;10.72;0.0134637846799212;-0.0134637846799212
"movement.72";2021-10-07;"$793.61";19195780;"$785.46";"$805";"$783.38";8.14999999999998;0;0;8.14999999999998;0.0103760853512591;0.0103760853512591
"movement.73";2021-10-06;"$782.75";14632770;"$776.2";"$786.66";"$773.22";6.54999999999995;0;0;6.54999999999995;0.00843854676629729;0.00843854676629729
"movement.74";2021-10-05;"$780.59";18432630;"$784.796";"$797.31";"$774.2";-4.20600000000002;1;1;4.20600000000002;0.00535935453289774;-0.00535935453289774
"movement.75";2021-10-04;"$781.53";30483340;"$796.5";"$806.9699";"$776.12";-14.97;0;1;14.97;0.0187947269303202;-0.0187947269303202
"movement.76";2021-10-01;"$775.22";17031410;"$778.4";"$780.78";"$763.59";-3.17999999999995;1;1;3.17999999999995;0.00408530318602255;-0.00408530318602255
"movement.77";2021-09-30;"$775.48";17955960;"$781";"$789.1305";"$775";-5.51999999999998;0;0;5.51999999999998;0.00706786171574902;-0.00706786171574902
"movement.78";2021-09-29;"$781.31";20942880;"$779.8";"$793.5";"$770.68";1.50999999999999;0;0;1.50999999999999;0.00193639394716593;0.00193639394716593
"movement.79";2021-09-28;"$777.56";25381420;"$787.2";"$795.64";"$766.1801";-9.6400000000001;0;1;9.6400000000001;0.0122459349593497;-0.0122459349593497
"movement.80";2021-09-27;"$791.36";28070660;"$773.12";"$799";"$769.31";18.24;0;0;18.24;0.0235927152317881;0.0235927152317881
"movement.81";2021-09-24;"$774.39";21373020;"$745.89";"$774.8";"$744.56";28.5;0;1;28.5;0.0382093874431887;0.0382093874431887
"movement.82";2021-09-23;"$753.64";11947530;"$755";"$758.2";"$747.92";-1.36000000000001;0;0;1.36000000000001;0.00180132450331128;-0.00180132450331128
"movement.83";2021-09-22;"$751.94";15126270;"$743.5263";"$753.6699";"$739.12";8.41370000000006;1;1;8.41370000000006;0.0113159413459888;0.0113159413459888
"movement.84";2021-09-21;"$739.38";16330720;"$734.79";"$744.7399";"$730.44";4.59000000000003;0;1;4.59000000000003;0.00624668272567677;0.00624668272567677
"movement.85";2021-09-20;"$730.17";24757650;"$734.5577";"$742";"$718.6249";-4.3877;0;0;4.3877;0.0059732543815142;-0.0059732543815142
"movement.86";2021-09-17;"$759.49";28204180;"$757.15";"$761.04";"$750";2.34000000000003;0;1;2.34000000000003;0.00309053688172757;0.00309053688172757
"movement.87";2021-09-16;"$756.99";13923390;"$752.83";"$758.91";"$747.61";4.15999999999997;0;1;4.15999999999997;0.00552581592125708;0.00552581592125708
"movement.88";2021-09-15;"$755.83";15357690;"$745";"$756.86";"$738.36";10.83;0;1;10.83;0.0145369127516779;0.0145369127516779
"movement.89";2021-09-14;"$744.49";18524880;"$742.57";"$754.47";"$736.4";1.91999999999996;0;1;1.91999999999996;0.0025856148241916;0.0025856148241916
"movement.90";2021-09-13;"$743";22952480;"$740.214";"$744.78";"$708.85";2.78599999999994;1;1;2.78599999999994;0.00376377642141319;0.00376377642141319
"movement.91";2021-09-10;"$736.27";15184170;"$759.6";"$762.61";"$734.5201";-23.33;1;1;23.33;0.030713533438652;-0.030713533438652
"movement.92";2021-09-09;"$754.86";14077730;"$753.41";"$762.1";"$751.6301";1.45000000000005;0;0;1.45000000000005;0.00192458289643095;0.00192458289643095
"movement.93";2021-09-08;"$753.87";18793040;"$761.58";"$764.45";"$740.7733";-7.71000000000004;0;0;7.71000000000004;0.0101236902229576;-0.0101236902229576
"movement.94";2021-09-07;"$752.92";20039830;"$740";"$760.2";"$739.26";12.92;0;1;12.92;0.0174594594594594;0.0174594594594594
"movement.95";2021-09-03;"$733.57";15271050;"$732.249";"$734";"$724.2";1.32100000000003;0;1;1.32100000000003;0.00180403114241198;0.00180403114241198
"movement.96";2021-09-02;"$732.39";12796740;"$734.5";"$740.97";"$730.54";-2.11000000000001;0;1;2.11000000000001;0.00287270251872024;-0.00287270251872024
"movement.97";2021-09-01;"$734.09";13204340;"$734.08";"$741.99";"$731.2701";0.00999999999999091;0;1;0.00999999999999091;1.36224934611907e-05;1.36224934611907e-05
"movement.98";2021-08-31;"$735.72";20855440;"$733";"$740.39";"$726.44";2.72000000000003;0;1;2.72000000000003;0.00371077762619376;0.00371077762619376
"movement.99";2021-08-30;"$730.91";18604220;"$714.715";"$731";"$712.73";16.1949999999999;0;1;16.1949999999999;0.0226593817115912;0.0226593817115912
"movement.100";2021-08-27;"$711.92";13833760;"$705";"$715";"$702.1001";6.91999999999996;0;0;6.91999999999996;0.00981560283687937;0.00981560283687937
"movement.101";2021-08-26;"$701.16";13214290;"$708.31";"$715.4";"$697.6201";-7.14999999999998;1;1;7.14999999999998;0.0100944501701232;-0.0100944501701232
"movement.102";2021-08-25;"$711.2";12645560;"$707.03";"$716.97";"$704";4.17000000000007;0;0;4.17000000000007;0.00589791097973222;0.00589791097973222
"movement.103";2021-08-24;"$708.49";13083070;"$710.68";"$715.22";"$702.64";-2.18999999999994;0;1;2.18999999999994;0.00308155569313888;-0.00308155569313888
"movement.104";2021-08-23;"$706.3";20264860;"$685.442";"$712.1299";"$680.7505";20.8579999999999;0;0;20.8579999999999;0.0304299999124652;0.0304299999124652
"movement.105";2021-08-20;"$680.26";14841870;"$682.85";"$692.1299";"$673.7";-2.59000000000003;1;1;2.59000000000003;0.00379292670425427;-0.00379292670425427
"movement.106";2021-08-19;"$673.47";14313490;"$678.21";"$686.55";"$667.59";-4.74000000000001;0;0;4.74000000000001;0.00698898571238998;-0.00698898571238998
"movement.107";2021-08-18;"$688.99";20349380;"$669.748";"$695.77";"$669.35";19.242;0;0;19.242;0.0287302089741216;0.0287302089741216
"movement.108";2021-08-17;"$665.71";23721280;"$672.66";"$674.58";"$648.84";-6.94999999999993;0;0;6.94999999999993;0.0103321142925102;-0.0103321142925102
"movement.109";2021-08-16;"$686.17";23103300;"$705.07";"$709.5";"$676.4";-18.9000000000001;0;0;18.9000000000001;0.026805849064632;-0.026805849064632
"movement.110";2021-08-13;"$717.17";16731470;"$723.71";"$729.9";"$714.34";-6.54000000000008;0;0;6.54000000000008;0.00903676887150941;-0.00903676887150941
"movement.111";2021-08-12;"$722.25";17681690;"$706.34";"$722.8";"$699.4";15.91;0;0;15.91;0.0225245632414984;0.0225245632414984
"movement.112";2021-08-11;"$707.82";9800558;"$712.71";"$715.18";"$704.21";-4.88999999999999;0;0;4.88999999999999;0.00686113566527758;-0.00686113566527758
"movement.113";2021-08-10;"$709.99";13432310;"$713.99";"$716.59";"$701.88";-4;1;1;4;0.00560231936021513;-0.00560231936021513
"movement.114";2021-08-09;"$713.76";14715350;"$710.17";"$719.03";"$705.13";3.59000000000003;0;0;3.59000000000003;0.00505512764549338;0.00505512764549338
"movement.115";2021-08-06;"$699.1";15623050;"$711.9";"$716.33";"$697.63";-12.8;1;1;12.8;0.0179800533782834;-0.0179800533782834
"movement.116";2021-08-05;"$714.63";12919640;"$716";"$720.9499";"$711.41";-1.37;1;1;1.37;0.00191340782122906;-0.00191340782122906
"movement.117";2021-08-04;"$710.92";17002650;"$711";"$724.9";"$708.93";-0.0800000000000409;0;1;0.0800000000000409;0.000112517580872069;-0.000112517580872069
"movement.118";2021-08-03;"$709.74";21620250;"$719";"$722.65";"$701.01";-9.25999999999999;0;1;9.25999999999999;0.0128789986091794;-0.0128789986091794
"movement.119";2021-08-02;"$709.67";33615770;"$700";"$726.94";"$698.4";9.66999999999996;0;1;9.66999999999996;0.0138142857142857;0.0138142857142857
"movement.120";2021-07-30;"$687.2";29656410;"$671.758";"$697.53";"$669";15.442;1;1;15.442;0.0229874448834253;0.0229874448834253
"movement.121";2021-07-29;"$677.35";30394640;"$649.79";"$683.69";"$648.8";27.5600000000001;1;1;27.5600000000001;0.0424137028886256;0.0424137028886256
"movement.122";2021-07-28;"$646.98";16006600;"$646.995";"$654.9699";"$639.4001";-0.0149999999999864;0;1;0.0149999999999864;2.31841049776063e-05;-2.31841049776063e-05
"movement.123";2021-07-27;"$644.78";32813290;"$663.4";"$666.5";"$627.24";-18.62;0;1;18.62;0.028067530901417;-0.028067530901417
"movement.124";2021-07-26;"$657.62";25336560;"$650.97";"$668.1999";"$647.11";6.64999999999998;0;1;6.64999999999998;0.0102155245249397;0.0102155245249397
"movement.125";2021-07-23;"$643.38";14604940;"$646.36";"$648.8";"$637.3001";-2.98000000000002;0;0;2.98000000000002;0.00461043381397367;-0.00461043381397367
"movement.126";2021-07-22;"$649.26";15105730;"$656.4428";"$662.17";"$644.6001";-7.18280000000004;0;1;7.18280000000004;0.0109420043909386;-0.0109420043909386
"movement.127";2021-07-21;"$655.29";13953340;"$659.61";"$664.8599";"$650.2901";-4.32000000000005;0;1;4.32000000000005;0.00654932460090061;-0.00654932460090061
"movement.128";2021-07-20;"$660.5";15487130;"$651.99";"$662.3916";"$640.501";8.50999999999999;1;1;8.50999999999999;0.0130523474286415;0.0130523474286415
"movement.129";2021-07-19;"$646.22";21297090;"$629.89";"$647.1999";"$621.29";16.33;0;0;16.33;0.0259251615361413;0.0259251615361413
"movement.130";2021-07-16;"$644.22";16370970;"$654.68";"$656.6999";"$642.2";-10.4599999999999;0;0;10.4599999999999;0.0159772713386692;-0.0159772713386692
"movement.131";2021-07-15;"$650.6";20209570;"$658.39";"$666.14";"$637.88";-7.78999999999996;1;1;7.78999999999996;0.0118318929509864;-0.0118318929509864
"movement.132";2021-07-14;"$653.38";21641190;"$670.75";"$678.6099";"$652.84";-17.37;1;1;17.37;0.0258963846440552;-0.0258963846440552
"movement.133";2021-07-13;"$668.54";20966090;"$686.32";"$693.28";"$666.2958";-17.7800000000001;0;1;17.7800000000001;0.0259062827835413;-0.0259062827835413
"movement.134";2021-07-12;"$685.7";25927040;"$662.2";"$687.24";"$662.161";23.5;0;0;23.5;0.0354877680459076;0.0354877680459076
"movement.135";2021-07-09;"$656.95";18140550;"$653.185";"$658.91";"$644.69";3.7650000000001;1;1;3.7650000000001;0.00576406377978689;0.00576406377978689
"movement.136";2021-07-08;"$652.81";22773320;"$628.37";"$654.43";"$620.46";24.4399999999999;0;1;24.4399999999999;0.0388942820312872;0.0388942820312872
"movement.137";2021-07-07;"$644.65";18791960;"$664.27";"$665.7";"$638.32";-19.62;0;1;19.62;0.029536182576362;-0.029536182576362
"movement.138";2021-07-06;"$659.58";23284450;"$681.7115";"$684";"$651.4002";-22.1315;0;0;22.1315;0.0324646129631082;-0.0324646129631082
"movement.139";2021-07-02;"$678.9";27097370;"$678.98";"$700";"$673.26";-0.0800000000000409;0;1;0.0800000000000409;0.000117823794515363;-0.000117823794515363
"movement.140";2021-07-01;"$677.92";18634520;"$683.92";"$687.99";"$672.8";-6;0;1;6;0.008772955901275;-0.008772955901275
"movement.141";2021-06-30;"$679.7";18924860;"$679.77";"$692.81";"$678.14";-0.0699999999999363;1;1;0.0699999999999363;0.000102976006590371;-0.000102976006590371
"movement.142";2021-06-29;"$680.76";17381310;"$684.65";"$687.5099";"$675.89";-3.88999999999999;0;1;3.88999999999999;0.00568173519316437;-0.00568173519316437
"movement.143";2021-06-28;"$688.72";21628160;"$671.64";"$694.6999";"$670.32";17.08;0;1;17.08;0.025430290036329;0.025430290036329
"movement.144";2021-06-25;"$671.87";32496710;"$689.58";"$693.81";"$668.7";-17.71;1;1;17.71;0.0256822993706315;-0.0256822993706315
"movement.145";2021-06-24;"$679.82";45982390;"$674.99";"$697.62";"$667.61";4.83000000000004;1;1;4.83000000000004;0.00715566156535658;0.00715566156535658
"movement.146";2021-06-23;"$656.57";31099230;"$632";"$657.204";"$630.04";24.5700000000001;0;0;24.5700000000001;0.0388765822784811;0.0388765822784811
"movement.147";2021-06-22;"$623.71";19158890;"$618.25";"$628.5693";"$615.5";5.46000000000004;1;1;5.46000000000004;0.00883137889203403;0.00883137889203403
"movement.148";2021-06-21;"$620.83";24812740;"$624.48";"$631.39";"$608.88";-3.64999999999998;0;1;3.64999999999998;0.00584486292595436;-0.00584486292595436
"movement.149";2021-06-18;"$623.31";24560910;"$613.37";"$628.35";"$611.8";9.93999999999994;1;1;9.93999999999994;0.0162055529289009;0.0162055529289009
"movement.150";2021-06-17;"$616.6";22701350;"$601.888";"$621.47";"$601.34";14.712;1;1;14.712;0.0244430857568185;0.0244430857568185
"movement.151";2021-06-16;"$604.87";22144130;"$597.535";"$608.5";"$593.5";7.33500000000004;0;0;7.33500000000004;0.0122754315646783;0.0122754315646783
"movement.152";2021-06-15;"$599.36";17764150;"$616.69";"$616.79";"$598.23";-17.33;1;1;17.33;0.0281016393974283;-0.0281016393974283
"movement.153";2021-06-14;"$617.69";20423980;"$612.23";"$625.49";"$609.18";5.46000000000004;1;1;5.46000000000004;0.0089182170099473;0.0089182170099473
"movement.154";2021-06-11;"$609.89";16205300;"$610.23";"$612.56";"$601.52";-0.340000000000032;1;1;0.340000000000032;0.000557166969831099;-0.000557166969831099
"movement.155";2021-06-10;"$610.12";23919610;"$603.88";"$616.59";"$600.5";6.24000000000001;0;0;6.24000000000001;0.0103331787772405;0.0103331787772405
"movement.156";2021-06-09;"$598.78";16584570;"$602.17";"$611.79";"$597.6301";-3.38999999999999;0;0;3.38999999999999;0.00562963947058137;-0.00562963947058137
"movement.157";2021-06-08;"$603.59";26053410;"$623.01";"$623.09";"$595.5";-19.42;1;1;19.42;0.0311712492576362;-0.0311712492576362
"movement.158";2021-06-07;"$605.13";22543680;"$591.825";"$610";"$582.88";13.3049999999999;1;1;13.3049999999999;0.0224813078190343;0.0224813078190343
"movement.159";2021-06-04;"$599.05";24036900;"$579.71";"$600.61";"$577.2";19.3399999999999;0;1;19.3399999999999;0.0333615083403769;0.0333615083403769
"movement.160";2021-06-03;"$572.84";30111890;"$601.8";"$604.55";"$571.22";-28.9599999999999;1;1;28.9599999999999;0.0481222997673645;-0.0481222997673645
"movement.161";2021-06-02;"$605.12";23302780;"$620.13";"$623.36";"$599.14";-15.01;1;1;15.01;0.0242046022608163;-0.0242046022608163
"movement.162";2021-06-01;"$623.9";18084890;"$627.8";"$633.8";"$620.55";-3.89999999999998;0;0;3.89999999999998;0.00621216948072631;-0.00621216948072631
"movement.163";2021-05-28;"$625.22";22737040;"$628.5";"$635.59";"$622.38";-3.27999999999997;0;1;3.27999999999997;0.00521877486077959;-0.00521877486077959
"movement.164";2021-05-27;"$630.85";26370590;"$620.24";"$631.13";"$616.21";10.61;1;1;10.61;0.0171062814394428;0.0171062814394428
"movement.165";2021-05-26;"$619.13";28639310;"$607.56";"$626.17";"$601.5";11.5700000000001;0;0;11.5700000000001;0.0190433866613998;0.0190433866613998
"movement.166";2021-05-25;"$604.69";28005930;"$607.31";"$613.99";"$595.71";-2.61999999999989;0;1;2.61999999999989;0.00431410646951292;-0.00431410646951292
"movement.167";2021-05-24;"$606.44";34558090;"$581.6";"$614.48";"$573.65";24.84;0;0;24.84;0.0427097661623109;0.0427097661623109
"movement.168";2021-05-21;"$580.88";26030600;"$596.11";"$596.68";"$580";-15.23;0;0;15.23;0.0255489758601601;-0.0255489758601601
"movement.169";2021-05-20;"$586.78";30821120;"$575";"$588.85";"$571.07";11.78;1;1;11.78;0.0204869565217391;0.0204869565217391
"movement.170";2021-05-19;"$563.46";39578400;"$552.55";"$566.21";"$546.98";10.9100000000001;1;1;10.9100000000001;0.019744819473351;0.019744819473351
"movement.171";2021-05-18;"$577.87";36830570;"$568";"$596.25";"$563.38";9.87;1;1;9.87;0.0173767605633803;0.0173767605633803
"movement.172";2021-05-17;"$576.83";32247800;"$575.553";"$589.73";"$561.2";1.27700000000004;0;0;1.27700000000004;0.0022187357202552;0.0022187357202552
"movement.173";2021-05-14;"$589.74";33370860;"$583.41";"$592.87";"$570.46";6.33000000000004;1;1;6.33000000000004;0.0108500025710907;0.0108500025710907
"movement.174";2021-05-13;"$571.69";44184920;"$601.545";"$606.4599";"$559.65";-29.8549999999999;1;1;29.8549999999999;0.049630534706464;-0.049630534706464
"movement.175";2021-05-12;"$589.89";33823650;"$602.49";"$620.41";"$586.765";-12.6;0;0;12.6;0.0209132101777623;-0.0209132101777623
"movement.176";2021-05-11;"$617.2";46503900;"$599.24";"$627.0999";"$595.6";17.96;1;1;17.96;0.0299712969761699;0.0299712969761699
"movement.177";2021-05-10;"$629.04";31392420;"$664.9";"$665.05";"$627.6101";-35.86;1;1;35.86;0.0539329222439465;-0.0539329222439465
"movement.178";2021-05-07;"$672.37";23469170;"$665.8";"$690";"$660.22";6.57000000000005;0;1;6.57000000000005;0.00986782817662969;0.00986782817662969
"movement.179";2021-05-06;"$663.54";27784620;"$680.76";"$681.02";"$650";-17.22;0;1;17.22;0.0252952582407897;-0.0252952582407897
"movement.180";2021-05-05;"$670.94";21901890;"$681.06";"$685.2955";"$667.34";-10.1199999999999;0;1;10.1199999999999;0.0148591900860422;-0.0148591900860422
"movement.181";2021-05-04;"$673.6";29739320;"$678.94";"$683.4464";"$657.701";-5.34000000000003;0;0;5.34000000000003;0.00786520163784728;-0.00786520163784728
"movement.182";2021-05-03;"$684.9";27043140;"$703.8";"$706";"$680.5";-18.9;0;0;18.9;0.0268542199488491;-0.0268542199488491
"movement.183";2021-04-30;"$709.44";40758720;"$667.59";"$715.47";"$666.14";41.85;1;1;41.85;0.0626881768750281;0.0626881768750281
"movement.184";2021-04-29;"$677";28845450;"$699.51";"$702.25";"$668.5002";-22.51;0;1;22.51;0.0321796686251805;-0.0321796686251805
"movement.185";2021-04-28;"$694.4";22271050;"$696.41";"$708.5";"$693.6";-2.00999999999999;0;1;2.00999999999999;0.00288623081230883;-0.00288623081230883
"movement.186";2021-04-27;"$704.74";29437000;"$717.96";"$724";"$703.3501";-13.22;0;1;13.22;0.018413282076996;-0.018413282076996
"movement.187";2021-04-26;"$738.2";31038500;"$741";"$749.3";"$732.6053";-2.79999999999995;0;0;2.79999999999995;0.00377867746288793;-0.00377867746288793
"movement.188";2021-04-23;"$729.4";28413890;"$719.8";"$737.36";"$715.46";9.60000000000002;1;1;9.60000000000002;0.0133370380661295;0.0133370380661295
"movement.189";2021-04-22;"$719.69";35590260;"$741.5";"$753.77";"$718.04";-21.8099999999999;1;1;21.8099999999999;0.0294133513149022;-0.0294133513149022
"movement.190";2021-04-21;"$744.12";31215510;"$704.77";"$744.84";"$698";39.35;0;1;39.35;0.0558338181250621;0.0558338181250621
"movement.191";2021-04-20;"$718.99";35609040;"$717.42";"$737.25";"$710.685";1.57000000000005;0;0;1.57000000000005;0.00218839731259241;0.00218839731259241
"movement.192";2021-04-19;"$714.63";39686230;"$719.6";"$725.4";"$691.8001";-4.97000000000003;0;1;4.97000000000003;0.00690661478599226;-0.00690661478599226
"movement.193";2021-04-16;"$739.78";27979530;"$728.65";"$749.41";"$724.6";11.13;1;1;11.13;0.0152748233033692;0.0152748233033692
"movement.194";2021-04-15;"$738.85";27848900;"$743.1";"$743.69";"$721.31";-4.25;1;1;4.25;0.00571928408020455;-0.00571928408020455
"movement.195";2021-04-14;"$732.23";49017430;"$770.7";"$780.79";"$728.03";-38.47;0;0;38.47;0.0499156610873232;-0.0499156610873232
"movement.196";2021-04-13;"$762.32";44652810;"$712.7";"$763";"$710.66";49.62;0;0;49.62;0.069622562087835;0.069622562087835
"movement.197";2021-04-12;"$701.98";29135670;"$685.7";"$704.8";"$682.09";16.28;0;1;16.28;0.0237421612950269;0.0237421612950269
"movement.198";2021-04-09;"$677.02";21437090;"$677.77";"$680.97";"$669.43";-0.75;1;1;0.75;0.00110657007539431;-0.00110657007539431
"movement.199";2021-04-08;"$683.8";23924330;"$677.38";"$689.5499";"$671.645";6.41999999999996;1;1;6.41999999999996;0.0094776934660013;0.0094776934660013
"movement.200";2021-04-07;"$670.97";26309430;"$687";"$691.38";"$667.84";-16.03;0;1;16.03;0.0233333333333333;-0.0233333333333333
"movement.201";2021-04-06;"$691.62";28271840;"$690.3";"$696.55";"$681.37";1.32000000000005;0;0;1.32000000000005;0.00191221208170368;0.00191221208170368
"movement.202";2021-04-05;"$691.05";41842770;"$707.71";"$708.16";"$684.7";-16.6600000000001;0;1;16.6600000000001;0.0235407158299305;-0.0235407158299305
"movement.203";2021-04-01;"$661.75";35298380;"$688.37";"$692.4203";"$659.42";-26.62;1;1;26.62;0.0386710635268823;-0.0386710635268823
"movement.204";2021-03-31;"$667.93";33337290;"$646.62";"$672";"$641.11";21.3099999999999;1;1;21.3099999999999;0.0329559865144907;0.0329559865144907
"movement.205";2021-03-30;"$635.62";39432360;"$601.75";"$637.66";"$591.01";33.87;0;1;33.87;0.0562858329871209;0.0562858329871209
"movement.206";2021-03-29;"$611.29";28636990;"$615.64";"$616.48";"$596.02";-4.35000000000002;0;1;4.35000000000002;0.00706581768566049;-0.00706581768566049
"movement.207";2021-03-26;"$618.71";33852830;"$641.87";"$643.82";"$599.89";-23.16;1;1;23.16;0.0360820726938476;-0.0360820726938476
"movement.208";2021-03-25;"$640.39";39224850;"$613";"$645.5";"$609.5";27.39;0;1;27.39;0.0446818923327895;0.0446818923327895
"movement.209";2021-03-24;"$630.27";33795170;"$667.91";"$668.02";"$630.11";-37.64;1;1;37.64;0.0563548981150155;-0.0563548981150155
"movement.210";2021-03-23;"$662.16";30491870;"$675.77";"$677.8";"$657.51";-13.61;1;1;13.61;0.0201399884576113;-0.0201399884576113
"movement.211";2021-03-22;"$670";39512220;"$684.59";"$699.62";"$668.75";-14.59;0;0;14.59;0.0213120261762515;-0.0213120261762515
"movement.212";2021-03-19;"$654.87";42893980;"$646.6";"$657.23";"$624.6201";8.26999999999998;0;1;8.26999999999998;0.0127899783482833;0.0127899783482833
"movement.213";2021-03-18;"$653.16";33369020;"$684.29";"$689.23";"$652";-31.13;1;1;31.13;0.0454924081895103;-0.0454924081895103
"movement.214";2021-03-17;"$701.81";40372450;"$656.87";"$703.73";"$651.01";44.9399999999999;0;1;44.9399999999999;0.068415363770609;0.068415363770609
"movement.215";2021-03-16;"$676.88";32195670;"$703.35";"$707.92";"$671";-26.47;0;1;26.47;0.0376341792848511;-0.0376341792848511
"movement.216";2021-03-15;"$707.94";29423480;"$694.09";"$713.18";"$684.04";13.85;1;1;13.85;0.019954184615828;0.019954184615828
"movement.217";2021-03-12;"$693.73";33583840;"$670";"$694.88";"$666.1394";23.73;0;0;23.73;0.0354179104477612;0.0354179104477612
"movement.218";2021-03-11;"$699.6";36253890;"$699.4";"$702.5";"$677.18";0.200000000000045;0;1;0.200000000000045;0.00028595939376615;0.00028595939376615
"movement.219";2021-03-10;"$668.06";60605670;"$700.3";"$717.85";"$655.06";-32.24;0;0;32.24;0.046037412537484;-0.046037412537484
"movement.220";2021-03-09;"$673.58";67523330;"$608.18";"$678.09";"$595.21";65.4000000000001;0;1;65.4000000000001;0.107533953763689;0.107533953763689
"movement.221";2021-03-08;"$563";51786960;"$600.55";"$620.125";"$558.79";-37.55;1;1;37.55;0.062526017817001;-0.062526017817001
"movement.222";2021-03-05;"$597.95";89396460;"$626.06";"$627.8419";"$539.49";-28.1099999999999;0;1;28.1099999999999;0.0448998498546464;-0.0448998498546464
"movement.223";2021-03-04;"$621.44";65919530;"$655.8";"$873.94";"$600";-34.3599999999999;0;1;34.3599999999999;0.0523940225678559;-0.0523940225678559
"movement.224";2021-03-03;"$653.2";30207960;"$687.99";"$700.7";"$651.705";-34.79;0;1;34.79;0.0505675954592363;-0.0505675954592363
"movement.225";2021-03-02;"$686.44";23732160;"$718.28";"$721.11";"$685";-31.8399999999999;1;1;31.8399999999999;0.044328117168792;-0.044328117168792
"movement.226";2021-03-01;"$718.43";27136240;"$690.11";"$872";"$685.05";28.3199999999999;0;0;28.3199999999999;0.0410369361406152;0.0410369361406152
"movement.227";2021-02-26;"$675.5";41089170;"$700";"$706.7";"$659.51";-24.5;1;1;24.5;0.035;-0.035
"movement.228";2021-02-25;"$682.22";39023860;"$726.15";"$737.2066";"$670.58";-43.9299999999999;0;1;43.9299999999999;0.0604971424636782;-0.0604971424636782
"movement.229";2021-02-24;"$742.02";36766950;"$711.85";"$745";"$694.17";30.17;0;0;30.17;0.042382524408232;0.042382524408232
"movement.230";2021-02-23;"$698.84";66606880;"$662.13";"$713.6099";"$619";36.71;0;1;36.71;0.0554422847477082;0.0554422847477082
"movement.231";2021-02-22;"$714.5";37269720;"$762.64";"$768.5";"$710.2";-48.14;1;1;48.14;0.0631228364628134;-0.0631228364628134
"movement.232";2021-02-19;"$781.3";18958260;"$795";"$796.7899";"$777.37";-13.7;0;0;13.7;0.0172327044025158;-0.0172327044025158
"movement.233";2021-02-18;"$787.38";17957060;"$780.9";"$794.69";"$776.27";6.48000000000002;0;0;6.48000000000002;0.00829811755666541;0.00829811755666541
"movement.234";2021-02-17;"$798.15";26078900;"$779.09";"$799.84";"$762.01";19.0599999999999;1;1;19.0599999999999;0.024464439281726;0.024464439281726
"movement.235";2021-02-16;"$796.22";19802320;"$818";"$821";"$792.44";-21.78;0;1;21.78;0.0266259168704156;-0.0266259168704156
"movement.236";2021-02-12;"$816.12";23768310;"$801.26";"$817.33";"$785.3306";14.86;0;1;14.86;0.0185457903801513;0.0185457903801513
"movement.237";2021-02-11;"$811.66";21622750;"$812.44";"$829.8799";"$801.725";-0.780000000000086;1;1;0.780000000000086;0.000960070897543309;-0.000960070897543309
"movement.238";2021-02-10;"$804.82";36216090;"$843.635";"$844.82";"$800.02";-38.8149999999999;0;1;38.8149999999999;0.0460092338511322;-0.0460092338511322
"movement.239";2021-02-09;"$849.46";15157650;"$855.12";"$859.8";"$841.75";-5.65999999999997;1;1;5.65999999999997;0.00661895406492652;-0.00661895406492652
"movement.240";2021-02-08;"$863.42";20161720;"$869.67";"$877.77";"$854.75";-6.25;1;1;6.25;0.00718663401060172;-0.00718663401060172
"movement.241";2021-02-05;"$852.23";18566640;"$845";"$864.77";"$838.97";7.23000000000002;0;1;7.23000000000002;0.0085562130177515;0.0085562130177515
"movement.242";2021-02-04;"$849.99";15812660;"$855";"$856.5";"$833.42";-5.00999999999999;1;1;5.00999999999999;0.00585964912280701;-0.00585964912280701
"movement.243";2021-02-03;"$854.69";18343510;"$877.02";"$878.08";"$853.0646";-22.3299999999999;0;0;22.3299999999999;0.0254612209527718;-0.0254612209527718
"movement.244";2021-02-02;"$872.79";24346210;"$844.68";"$880.5";"$842.2006";28.11;1;1;28.11;0.0332788748401762;0.0332788748401762
"movement.245";2021-02-01;"$839.81";25391390;"$814.29";"$842";"$795.5601";25.52;1;1;25.52;0.031340185928846;0.031340185928846
"movement.246";2021-01-29;"$793.53";34990750;"$830";"$842.41";"$780.1";-36.47;1;1;36.47;0.0439397590361446;-0.0439397590361446
"movement.247";2021-01-28;"$835.43";26378050;"$820";"$848";"$801";15.4299999999999;1;1;15.4299999999999;0.0188170731707316;0.0188170731707316
"movement.248";2021-01-27;"$864.16";27333960;"$870.35";"$891.5";"$858.66";-6.19000000000005;0;1;6.19000000000005;0.00711208134658477;-0.00711208134658477
"movement.249";2021-01-26;"$883.09";23131600;"$891.38";"$895.9";"$871.6";-8.28999999999996;0;1;8.28999999999996;0.00930018622809572;-0.00930018622809572
"movement.250";2021-01-25;"$880.8";41173400;"$855";"$900.4";"$838.8201";25.8;0;1;25.8;0.0301754385964912;0.0301754385964912
"movement.251";2021-01-22;"$846.64";20066500;"$834.31";"$848";"$828.62";12.33;1;1;12.33;0.0147786793877576;0.0147786793877576
"movement.252";2021-01-21;"$844.99";20598130;"$855";"$855.7199";"$841.4201";-10.01;0;1;10.01;0.0117076023391813;-0.0117076023391813
"movement.253";2021-01-20;"$850.45";25665880;"$858.74";"$859.5";"$837.28";-8.28999999999996;0;0;8.28999999999996;0.00965367864545726;-0.00965367864545726
"movement.254";2021-01-19;"$844.55";25366980;"$837.8";"$850";"$833";6.75;0;0;6.75;0.0080568154690857;0.0080568154690857
"movement.255";2021-01-15;"$826.16";38777600;"$852";"$859.9";"$819.1";-25.84;0;1;25.84;0.0303286384976526;-0.0303286384976526
"movement.256";2021-01-14;"$845";31266330;"$843.39";"$863";"$838.75";1.61000000000001;1;1;1.61000000000001;0.00190896263887408;0.00190896263887408
"movement.257";2021-01-13;"$854.41";33312500;"$852.76";"$860.47";"$832";1.64999999999998;0;1;1.64999999999998;0.00193489375674279;0.00193489375674279
"movement.258";2021-01-12;"$849.44";46270720;"$831";"$868";"$827.34";18.4400000000001;0;1;18.4400000000001;0.0221901323706379;0.0221901323706379
"movement.259";2021-01-11;"$811.19";59554150;"$849.4";"$854.43";"$803.6222";-38.2099999999999;0;0;38.2099999999999;0.0449846950788791;-0.0449846950788791
"movement.260";2021-01-08;"$880.02";75055530;"$856";"$884.49";"$838.39";24.02;0;1;24.02;0.0280607476635514;0.0280607476635514
"movement.261";2021-01-07;"$816.04";51498950;"$777.63";"$816.99";"$775.2";38.41;1;1;38.41;0.0493936705116829;0.0493936705116829
"movement.262";2021-01-06;"$755.98";44699970;"$758.49";"$774";"$749.1";-2.50999999999999;0;0;2.50999999999999;0.00330920644965654;-0.00330920644965654
"movement.263";2021-01-05;"$735.11";32245170;"$723.66";"$740.84";"$719.2";11.45;1;1;11.45;0.0158223475112623;0.0158223475112623
"movement.264";2021-01-04;"$729.77";48638190;"$719.46";"$744.4899";"$717.1895";10.3099999999999;0;0;10.3099999999999;0.0143301920885108;0.0143301920885108
"movement.265";2020-12-31;"$705.67";49649930;"$699.99";"$718.72";"$691.12";5.67999999999995;0;1;5.67999999999995;0.00811440163430899;0.00811440163430899
"movement.266";2020-12-30;"$694.78";42846020;"$672";"$696.6";"$668.3603";22.78;1;1;22.78;0.0338988095238095;0.0338988095238095
"movement.267";2020-12-29;"$665.99";22910810;"$661";"$669.9";"$655";4.99000000000001;1;1;4.99000000000001;0.00754916792738277;0.00754916792738277
"movement.268";2020-12-28;"$663.69";32278560;"$674.51";"$681.4";"$660.8";-10.8199999999999;1;1;10.8199999999999;0.0160412744066062;-0.0160412744066062
"movement.269";2020-12-24;"$661.77";22865570;"$642.99";"$666.09";"$641";18.78;1;1;18.78;0.0292072971585872;0.0292072971585872
"movement.270";2020-12-23;"$645.98";33172970;"$632.2";"$651.4999";"$622.5701";13.78;0;0;13.78;0.0217968997152799;0.0217968997152799
"movement.271";2020-12-22;"$640.34";51861640;"$648";"$649.88";"$614.23";-7.65999999999997;1;1;7.65999999999997;0.0118209876543209;-0.0118209876543209
"movement.272";2020-12-21;"$649.86";58045260;"$666.24";"$668.5";"$646.07";-16.38;0;1;16.38;0.024585734870317;-0.024585734870317
